,0,1,2,3,4,5,6,7
0,"('A', 'B', 'C', 'D', 'E', 'F')","[[2, 3, 6, 3, 6, 3, 6, 3, 6, 3, 6, 3, 6, 3, 6, 3, 6, 3, 63], [], [], [], [], []]",[],[],[],[],[],0
1,"('A', 'B', 'C', 'D', 'F', 'E')","[[2, 3, 6, 3, 6, 3, 6, 3, 6, 3, 6, 3, 6, 3, 6, 3, 6, 3, 63], [], [], [], [], []]",[],[],[],[],[],0
2,"('A', 'B', 'C', 'E', 'D', 'F')","[[2, 3, 6, 3, 6, 3, 6, 3, 6, 3, 6, 3, 6, 3, 6, 3, 6, 3, 63], [], [], [], [], []]",[],[],[],[],[],0
3,"('A', 'B', 'C', 'E', 'F', 'D')","[[2, 3, 6, 3, 6, 3, 6, 3, 6, 3, 6, 3, 6, 3, 6, 3, 6, 3, 63], [], [], [], [], []]",[],[],[],[],[],0
4,"('A', 'B', 'C', 'F', 'D', 'E')","[[2, 3, 6, 3, 6, 3, 6, 3, 6, 3, 6, 3, 6, 3, 6, 3, 6, 3, 63], [], [], [], [], []]",[],[],[],[],[],0
5,"('A', 'B', 'C', 'F', 'E', 'D')","[[2, 3, 6, 3, 6, 3, 6, 3, 6, 3, 6, 3, 6, 3, 6, 3, 6, 3, 63], [], [], [], [], []]",[],[],[],[],[],0
6,"('A', 'B', 'D', 'C', 'E', 'F')","[[2, 3, 6, 3, 6, 3, 6, 3, 6, 3, 6, 3, 6, 3, 6, 3, 6, 3, 63], [], [], [], [], []]",[],[],[],[],[],0
7,"('A', 'B', 'D', 'C', 'F', 'E')","[[2, 3, 6, 3, 6, 3, 6, 3, 6, 3, 6, 3, 6, 3, 6, 3, 6, 3, 63], [], [], [], [], []]",[],[],[],[],[],0
8,"('A', 'B', 'D', 'E', 'C', 'F')","[[2, 3, 6, 3, 6, 3, 6, 3, 6, 3, 6, 3, 6, 3, 6, 3, 6, 3, 63], [], [], [], [], []]",[],[],[],[],[],0
9,"('A', 'B', 'D', 'E', 'F', 'C')","[[2, 3, 6, 3, 6, 3, 6, 3, 6, 3, 6, 3, 6, 3, 6, 3, 6, 3, 63], [], [], [], [], []]",[],[],[],[],[],0
10,"('A', 'B', 'D', 'F', 'C', 'E')","[[2, 3, 6, 3, 6, 3, 6, 3, 6, 3, 6, 3, 6, 3, 6, 3, 6, 3, 63], [], [], [], [], []]",[],[],[],[],[],0
11,"('A', 'B', 'D', 'F', 'E', 'C')","[[2, 3, 6, 3, 6, 3, 6, 3, 6, 3, 6, 3, 6, 3, 6, 3, 6, 3, 63], [], [], [], [], []]",[],[],[],[],[],0
12,"('A', 'B', 'E', 'C', 'D', 'F')","[[2, 3, 6, 3, 6, 3, 6, 3, 6, 3, 6, 3, 6, 3, 6, 3, 6, 3, 63], [], [], [], [], []]",[],[],[],[],[],0
13,"('A', 'B', 'E', 'C', 'F', 'D')","[[2, 3, 6, 3, 6, 3, 6, 3, 6, 3, 6, 3, 6, 3, 6, 3, 6, 3, 63], [], [], [], [], []]",[],[],[],[],[],0
14,"('A', 'B', 'E', 'D', 'C', 'F')","[[2, 3, 6, 3, 6, 3, 6, 3, 6, 3, 6, 3, 6, 3, 6, 3, 6, 3, 63], [], [], [], [], []]",[],[],[],[],[],0
15,"('A', 'B', 'E', 'D', 'F', 'C')","[[2, 3, 6, 3, 6, 3, 6, 3, 6, 3, 6, 3, 6, 3, 6, 3, 6, 3, 63], [], [], [], [], []]",[],[],[],[],[],0
16,"('A', 'B', 'E', 'F', 'C', 'D')","[[2, 3, 6, 3, 6, 3, 6, 3, 6, 3, 6, 3, 6, 3, 6, 3, 6, 3, 63], [], [], [], [], []]",[],[],[],[],[],0
17,"('A', 'B', 'E', 'F', 'D', 'C')","[[2, 3, 6, 3, 6, 3, 6, 3, 6, 3, 6, 3, 6, 3, 6, 3, 6, 3, 63], [], [], [], [], []]",[],[],[],[],[],0
18,"('A', 'B', 'F', 'C', 'D', 'E')","[[2, 3, 6, 3, 6, 3, 6, 3, 6, 3, 6, 3, 6, 3, 6, 3, 6, 3, 63], [], [], [], [], []]",[],[],[],[],[],0
19,"('A', 'B', 'F', 'C', 'E', 'D')","[[2, 3, 6, 3, 6, 3, 6, 3, 6, 3, 6, 3, 6, 3, 6, 3, 6, 3, 63], [], [], [], [], []]",[],[],[],[],[],0
20,"('A', 'B', 'F', 'D', 'C', 'E')","[[2, 3, 6, 3, 6, 3, 6, 3, 6, 3, 6, 3, 6, 3, 6, 3, 6, 3, 63], [], [], [], [], []]",[],[],[],[],[],0
21,"('A', 'B', 'F', 'D', 'E', 'C')","[[2, 3, 6, 3, 6, 3, 6, 3, 6, 3, 6, 3, 6, 3, 6, 3, 6, 3, 63], [], [], [], [], []]",[],[],[],[],[],0
22,"('A', 'B', 'F', 'E', 'C', 'D')","[[2, 3, 6, 3, 6, 3, 6, 3, 6, 3, 6, 3, 6, 3, 6, 3, 6, 3, 63], [], [], [], [], []]",[],[],[],[],[],0
23,"('A', 'B', 'F', 'E', 'D', 'C')","[[2, 3, 6, 3, 6, 3, 6, 3, 6, 3, 6, 3, 6, 3, 6, 3, 6, 3, 63], [], [], [], [], []]",[],[],[],[],[],0
24,"('A', 'C', 'B', 'D', 'E', 'F')","[[2, 3, 6, 3, 6, 3, 6, 3, 6, 3, 6, 3, 6, 3, 6, 3, 6, 3, 63], [], [], [], [], []]",[],[],[],[],[],0
25,"('A', 'C', 'B', 'D', 'F', 'E')","[[2, 3, 6, 3, 6, 3, 6, 3, 6, 3, 6, 3, 6, 3, 6, 3, 6, 3, 63], [], [], [], [], []]",[],[],[],[],[],0
26,"('A', 'C', 'B', 'E', 'D', 'F')","[[2, 3, 6, 3, 6, 3, 6, 3, 6, 3, 6, 3, 6, 3, 6, 3, 6, 3, 63], [], [], [], [], []]",[],[],[],[],[],0
27,"('A', 'C', 'B', 'E', 'F', 'D')","[[2, 3, 6, 3, 6, 3, 6, 3, 6, 3, 6, 3, 6, 3, 6, 3, 6, 3, 63], [], [], [], [], []]",[],[],[],[],[],0
28,"('A', 'C', 'B', 'F', 'D', 'E')","[[2, 3, 6, 3, 6, 3, 6, 3, 6, 3, 6, 3, 6, 3, 6, 3, 6, 3, 63], [], [], [], [], []]",[],[],[],[],[],0
29,"('A', 'C', 'B', 'F', 'E', 'D')","[[2, 3, 6, 3, 6, 3, 6, 3, 6, 3, 6, 3, 6, 3, 6, 3, 6, 3, 63], [], [], [], [], []]",[],[],[],[],[],0
30,"('A', 'C', 'D', 'B', 'E', 'F')","[[2, 3, 6, 3, 6, 3, 6, 3, 6, 3, 6, 3, 6, 3, 6, 3, 6, 3, 63], [], [], [], [], []]",[],[],[],[],[],0
31,"('A', 'C', 'D', 'B', 'F', 'E')","[[2, 3, 6, 3, 6, 3, 6, 3, 6, 3, 6, 3, 6, 3, 6, 3, 6, 3, 63], [], [], [], [], []]",[],[],[],[],[],0
32,"('A', 'C', 'D', 'E', 'B', 'F')","[[2, 3, 6, 3, 6, 3, 6, 3, 6, 3, 6, 3, 6, 3, 6, 3, 6, 3, 63], [], [], [], [], []]",[],[],[],[],[],0
33,"('A', 'C', 'D', 'E', 'F', 'B')","[[2, 3, 6, 3, 6, 3, 6, 3, 6, 3, 6, 3, 6, 3, 6, 3, 6, 3, 63], [], [], [], [], []]",[],[],[],[],[],0
34,"('A', 'C', 'D', 'F', 'B', 'E')","[[2, 3, 6, 3, 6, 3, 6, 3, 6, 3, 6, 3, 6, 3, 6, 3, 6, 3, 63], [], [], [], [], []]",[],[],[],[],[],0
35,"('A', 'C', 'D', 'F', 'E', 'B')","[[2, 3, 6, 3, 6, 3, 6, 3, 6, 3, 6, 3, 6, 3, 6, 3, 6, 3, 63], [], [], [], [], []]",[],[],[],[],[],0
36,"('A', 'C', 'E', 'B', 'D', 'F')","[[2, 3, 6, 3, 6, 3, 6, 3, 6, 3, 6, 3, 6, 3, 6, 3, 6, 3, 63], [], [], [], [], []]",[],[],[],[],[],0
37,"('A', 'C', 'E', 'B', 'F', 'D')","[[2, 3, 6, 3, 6, 3, 6, 3, 6, 3, 6, 3, 6, 3, 6, 3, 6, 3, 63], [], [], [], [], []]",[],[],[],[],[],0
38,"('A', 'C', 'E', 'D', 'B', 'F')","[[2, 3, 6, 3, 6, 3, 6, 3, 6, 3, 6, 3, 6, 3, 6, 3, 6, 3, 63], [], [], [], [], []]",[],[],[],[],[],0
39,"('A', 'C', 'E', 'D', 'F', 'B')","[[2, 3, 6, 3, 6, 3, 6, 3, 6, 3, 6, 3, 6, 3, 6, 3, 6, 3, 63], [], [], [], [], []]",[],[],[],[],[],0
40,"('A', 'C', 'E', 'F', 'B', 'D')","[[2, 3, 6, 3, 6, 3, 6, 3, 6, 3, 6, 3, 6, 3, 6, 3, 6, 3, 63], [], [], [], [], []]",[],[],[],[],[],0
41,"('A', 'C', 'E', 'F', 'D', 'B')","[[2, 3, 6, 3, 6, 3, 6, 3, 6, 3, 6, 3, 6, 3, 6, 3, 6, 3, 63], [], [], [], [], []]",[],[],[],[],[],0
42,"('A', 'C', 'F', 'B', 'D', 'E')","[[2, 3, 6, 3, 6, 3, 6, 3, 6, 3, 6, 3, 6, 3, 6, 3, 6, 3, 63], [], [], [], [], []]",[],[],[],[],[],0
43,"('A', 'C', 'F', 'B', 'E', 'D')","[[2, 3, 6, 3, 6, 3, 6, 3, 6, 3, 6, 3, 6, 3, 6, 3, 6, 3, 63], [], [], [], [], []]",[],[],[],[],[],0
44,"('A', 'C', 'F', 'D', 'B', 'E')","[[2, 3, 6, 3, 6, 3, 6, 3, 6, 3, 6, 3, 6, 3, 6, 3, 6, 3, 63], [], [], [], [], []]",[],[],[],[],[],0
45,"('A', 'C', 'F', 'D', 'E', 'B')","[[2, 3, 6, 3, 6, 3, 6, 3, 6, 3, 6, 3, 6, 3, 6, 3, 6, 3, 63], [], [], [], [], []]",[],[],[],[],[],0
46,"('A', 'C', 'F', 'E', 'B', 'D')","[[2, 3, 6, 3, 6, 3, 6, 3, 6, 3, 6, 3, 6, 3, 6, 3, 6, 3, 63], [], [], [], [], []]",[],[],[],[],[],0
47,"('A', 'C', 'F', 'E', 'D', 'B')","[[2, 3, 6, 3, 6, 3, 6, 3, 6, 3, 6, 3, 6, 3, 6, 3, 6, 3, 63], [], [], [], [], []]",[],[],[],[],[],0
48,"('A', 'D', 'B', 'C', 'E', 'F')","[[2, 3, 6, 3, 6, 3, 6, 3, 6, 3, 6, 3, 6, 3, 6, 3, 6, 3, 63], [], [], [], [], []]",[],[],[],[],[],0
49,"('A', 'D', 'B', 'C', 'F', 'E')","[[2, 3, 6, 3, 6, 3, 6, 3, 6, 3, 6, 3, 6, 3, 6, 3, 6, 3, 63], [], [], [], [], []]",[],[],[],[],[],0
50,"('A', 'D', 'B', 'E', 'C', 'F')","[[2, 3, 6, 3, 6, 3, 6, 3, 6, 3, 6, 3, 6, 3, 6, 3, 6, 3, 63], [], [], [], [], []]",[],[],[],[],[],0
51,"('A', 'D', 'B', 'E', 'F', 'C')","[[2, 3, 6, 3, 6, 3, 6, 3, 6, 3, 6, 3, 6, 3, 6, 3, 6, 3, 63], [], [], [], [], []]",[],[],[],[],[],0
52,"('A', 'D', 'B', 'F', 'C', 'E')","[[2, 3, 6, 3, 6, 3, 6, 3, 6, 3, 6, 3, 6, 3, 6, 3, 6, 3, 63], [], [], [], [], []]",[],[],[],[],[],0
53,"('A', 'D', 'B', 'F', 'E', 'C')","[[2, 3, 6, 3, 6, 3, 6, 3, 6, 3, 6, 3, 6, 3, 6, 3, 6, 3, 63], [], [], [], [], []]",[],[],[],[],[],0
54,"('A', 'D', 'C', 'B', 'E', 'F')","[[2, 3, 6, 3, 6, 3, 6, 3, 6, 3, 6, 3, 6, 3, 6, 3, 6, 3, 63], [], [], [], [], []]",[],[],[],[],[],0
55,"('A', 'D', 'C', 'B', 'F', 'E')","[[2, 3, 6, 3, 6, 3, 6, 3, 6, 3, 6, 3, 6, 3, 6, 3, 6, 3, 63], [], [], [], [], []]",[],[],[],[],[],0
56,"('A', 'D', 'C', 'E', 'B', 'F')","[[2, 3, 6, 3, 6, 3, 6, 3, 6, 3, 6, 3, 6, 3, 6, 3, 6, 3, 63], [], [], [], [], []]",[],[],[],[],[],0
57,"('A', 'D', 'C', 'E', 'F', 'B')","[[2, 3, 6, 3, 6, 3, 6, 3, 6, 3, 6, 3, 6, 3, 6, 3, 6, 3, 63], [], [], [], [], []]",[],[],[],[],[],0
58,"('A', 'D', 'C', 'F', 'B', 'E')","[[2, 3, 6, 3, 6, 3, 6, 3, 6, 3, 6, 3, 6, 3, 6, 3, 6, 3, 63], [], [], [], [], []]",[],[],[],[],[],0
59,"('A', 'D', 'C', 'F', 'E', 'B')","[[2, 3, 6, 3, 6, 3, 6, 3, 6, 3, 6, 3, 6, 3, 6, 3, 6, 3, 63], [], [], [], [], []]",[],[],[],[],[],0
60,"('A', 'D', 'E', 'B', 'C', 'F')","[[2, 3, 6, 3, 6, 3, 6, 3, 6, 3, 6, 3, 6, 3, 6, 3, 6, 3, 63], [], [], [], [], []]",[],[],[],[],[],0
61,"('A', 'D', 'E', 'B', 'F', 'C')","[[2, 3, 6, 3, 6, 3, 6, 3, 6, 3, 6, 3, 6, 3, 6, 3, 6, 3, 63], [], [], [], [], []]",[],[],[],[],[],0
62,"('A', 'D', 'E', 'C', 'B', 'F')","[[2, 3, 6, 3, 6, 3, 6, 3, 6, 3, 6, 3, 6, 3, 6, 3, 6, 3, 63], [], [], [], [], []]",[],[],[],[],[],0
63,"('A', 'D', 'E', 'C', 'F', 'B')","[[2, 3, 6, 3, 6, 3, 6, 3, 6, 3, 6, 3, 6, 3, 6, 3, 6, 3, 63], [], [], [], [], []]",[],[],[],[],[],0
64,"('A', 'D', 'E', 'F', 'B', 'C')","[[2, 3, 6, 3, 6, 3, 6, 3, 6, 3, 6, 3, 6, 3, 6, 3, 6, 3, 63], [], [], [], [], []]",[],[],[],[],[],0
65,"('A', 'D', 'E', 'F', 'C', 'B')","[[2, 3, 6, 3, 6, 3, 6, 3, 6, 3, 6, 3, 6, 3, 6, 3, 6, 3, 63], [], [], [], [], []]",[],[],[],[],[],0
66,"('A', 'D', 'F', 'B', 'C', 'E')","[[2, 3, 6, 3, 6, 3, 6, 3, 6, 3, 6, 3, 6, 3, 6, 3, 6, 3, 63], [], [], [], [], []]",[],[],[],[],[],0
67,"('A', 'D', 'F', 'B', 'E', 'C')","[[2, 3, 6, 3, 6, 3, 6, 3, 6, 3, 6, 3, 6, 3, 6, 3, 6, 3, 63], [], [], [], [], []]",[],[],[],[],[],0
68,"('A', 'D', 'F', 'C', 'B', 'E')","[[2, 3, 6, 3, 6, 3, 6, 3, 6, 3, 6, 3, 6, 3, 6, 3, 6, 3, 63], [], [], [], [], []]",[],[],[],[],[],0
69,"('A', 'D', 'F', 'C', 'E', 'B')","[[2, 3, 6, 3, 6, 3, 6, 3, 6, 3, 6, 3, 6, 3, 6, 3, 6, 3, 63], [], [], [], [], []]",[],[],[],[],[],0
70,"('A', 'D', 'F', 'E', 'B', 'C')","[[2, 3, 6, 3, 6, 3, 6, 3, 6, 3, 6, 3, 6, 3, 6, 3, 6, 3, 63], [], [], [], [], []]",[],[],[],[],[],0
71,"('A', 'D', 'F', 'E', 'C', 'B')","[[2, 3, 6, 3, 6, 3, 6, 3, 6, 3, 6, 3, 6, 3, 6, 3, 6, 3, 63], [], [], [], [], []]",[],[],[],[],[],0
72,"('A', 'E', 'B', 'C', 'D', 'F')","[[2, 3, 6, 3, 6, 3, 6, 3, 6, 3, 6, 3, 6, 3, 6, 3, 6, 3, 63], [], [], [], [], []]",[],[],[],[],[],0
73,"('A', 'E', 'B', 'C', 'F', 'D')","[[2, 3, 6, 3, 6, 3, 6, 3, 6, 3, 6, 3, 6, 3, 6, 3, 6, 3, 63], [], [], [], [], []]",[],[],[],[],[],0
74,"('A', 'E', 'B', 'D', 'C', 'F')","[[2, 3, 6, 3, 6, 3, 6, 3, 6, 3, 6, 3, 6, 3, 6, 3, 6, 3, 63], [], [], [], [], []]",[],[],[],[],[],0
75,"('A', 'E', 'B', 'D', 'F', 'C')","[[2, 3, 6, 3, 6, 3, 6, 3, 6, 3, 6, 3, 6, 3, 6, 3, 6, 3, 63], [], [], [], [], []]",[],[],[],[],[],0
76,"('A', 'E', 'B', 'F', 'C', 'D')","[[2, 3, 6, 3, 6, 3, 6, 3, 6, 3, 6, 3, 6, 3, 6, 3, 6, 3, 63], [], [], [], [], []]",[],[],[],[],[],0
77,"('A', 'E', 'B', 'F', 'D', 'C')","[[2, 3, 6, 3, 6, 3, 6, 3, 6, 3, 6, 3, 6, 3, 6, 3, 6, 3, 63], [], [], [], [], []]",[],[],[],[],[],0
78,"('A', 'E', 'C', 'B', 'D', 'F')","[[2, 3, 6, 3, 6, 3, 6, 3, 6, 3, 6, 3, 6, 3, 6, 3, 6, 3, 63], [], [], [], [], []]",[],[],[],[],[],0
79,"('A', 'E', 'C', 'B', 'F', 'D')","[[2, 3, 6, 3, 6, 3, 6, 3, 6, 3, 6, 3, 6, 3, 6, 3, 6, 3, 63], [], [], [], [], []]",[],[],[],[],[],0
80,"('A', 'E', 'C', 'D', 'B', 'F')","[[2, 3, 6, 3, 6, 3, 6, 3, 6, 3, 6, 3, 6, 3, 6, 3, 6, 3, 63], [], [], [], [], []]",[],[],[],[],[],0
81,"('A', 'E', 'C', 'D', 'F', 'B')","[[2, 3, 6, 3, 6, 3, 6, 3, 6, 3, 6, 3, 6, 3, 6, 3, 6, 3, 63], [], [], [], [], []]",[],[],[],[],[],0
82,"('A', 'E', 'C', 'F', 'B', 'D')","[[2, 3, 6, 3, 6, 3, 6, 3, 6, 3, 6, 3, 6, 3, 6, 3, 6, 3, 63], [], [], [], [], []]",[],[],[],[],[],0
83,"('A', 'E', 'C', 'F', 'D', 'B')","[[2, 3, 6, 3, 6, 3, 6, 3, 6, 3, 6, 3, 6, 3, 6, 3, 6, 3, 63], [], [], [], [], []]",[],[],[],[],[],0
84,"('A', 'E', 'D', 'B', 'C', 'F')","[[2, 3, 6, 3, 6, 3, 6, 3, 6, 3, 6, 3, 6, 3, 6, 3, 6, 3, 63], [], [], [], [], []]",[],[],[],[],[],0
85,"('A', 'E', 'D', 'B', 'F', 'C')","[[2, 3, 6, 3, 6, 3, 6, 3, 6, 3, 6, 3, 6, 3, 6, 3, 6, 3, 63], [], [], [], [], []]",[],[],[],[],[],0
86,"('A', 'E', 'D', 'C', 'B', 'F')","[[2, 3, 6, 3, 6, 3, 6, 3, 6, 3, 6, 3, 6, 3, 6, 3, 6, 3, 63], [], [], [], [], []]",[],[],[],[],[],0
87,"('A', 'E', 'D', 'C', 'F', 'B')","[[2, 3, 6, 3, 6, 3, 6, 3, 6, 3, 6, 3, 6, 3, 6, 3, 6, 3, 63], [], [], [], [], []]",[],[],[],[],[],0
88,"('A', 'E', 'D', 'F', 'B', 'C')","[[2, 3, 6, 3, 6, 3, 6, 3, 6, 3, 6, 3, 6, 3, 6, 3, 6, 3, 63], [], [], [], [], []]",[],[],[],[],[],0
89,"('A', 'E', 'D', 'F', 'C', 'B')","[[2, 3, 6, 3, 6, 3, 6, 3, 6, 3, 6, 3, 6, 3, 6, 3, 6, 3, 63], [], [], [], [], []]",[],[],[],[],[],0
90,"('A', 'E', 'F', 'B', 'C', 'D')","[[2, 3, 6, 3, 6, 3, 6, 3, 6, 3, 6, 3, 6, 3, 6, 3, 6, 3, 63], [], [], [], [], []]",[],[],[],[],[],0
91,"('A', 'E', 'F', 'B', 'D', 'C')","[[2, 3, 6, 3, 6, 3, 6, 3, 6, 3, 6, 3, 6, 3, 6, 3, 6, 3, 63], [], [], [], [], []]",[],[],[],[],[],0
92,"('A', 'E', 'F', 'C', 'B', 'D')","[[2, 3, 6, 3, 6, 3, 6, 3, 6, 3, 6, 3, 6, 3, 6, 3, 6, 3, 63], [], [], [], [], []]",[],[],[],[],[],0
93,"('A', 'E', 'F', 'C', 'D', 'B')","[[2, 3, 6, 3, 6, 3, 6, 3, 6, 3, 6, 3, 6, 3, 6, 3, 6, 3, 63], [], [], [], [], []]",[],[],[],[],[],0
94,"('A', 'E', 'F', 'D', 'B', 'C')","[[2, 3, 6, 3, 6, 3, 6, 3, 6, 3, 6, 3, 6, 3, 6, 3, 6, 3, 63], [], [], [], [], []]",[],[],[],[],[],0
95,"('A', 'E', 'F', 'D', 'C', 'B')","[[2, 3, 6, 3, 6, 3, 6, 3, 6, 3, 6, 3, 6, 3, 6, 3, 6, 3, 63], [], [], [], [], []]",[],[],[],[],[],0
96,"('A', 'F', 'B', 'C', 'D', 'E')","[[2, 3, 6, 3, 6, 3, 6, 3, 6, 3, 6, 3, 6, 3, 6, 3, 6, 3, 63], [], [], [], [], []]",[],[],[],[],[],0
97,"('A', 'F', 'B', 'C', 'E', 'D')","[[2, 3, 6, 3, 6, 3, 6, 3, 6, 3, 6, 3, 6, 3, 6, 3, 6, 3, 63], [], [], [], [], []]",[],[],[],[],[],0
98,"('A', 'F', 'B', 'D', 'C', 'E')","[[2, 3, 6, 3, 6, 3, 6, 3, 6, 3, 6, 3, 6, 3, 6, 3, 6, 3, 63], [], [], [], [], []]",[],[],[],[],[],0
99,"('A', 'F', 'B', 'D', 'E', 'C')","[[2, 3, 6, 3, 6, 3, 6, 3, 6, 3, 6, 3, 6, 3, 6, 3, 6, 3, 63], [], [], [], [], []]",[],[],[],[],[],0
100,"('A', 'F', 'B', 'E', 'C', 'D')","[[2, 3, 6, 3, 6, 3, 6, 3, 6, 3, 6, 3, 6, 3, 6, 3, 6, 3, 63], [], [], [], [], []]",[],[],[],[],[],0
101,"('A', 'F', 'B', 'E', 'D', 'C')","[[2, 3, 6, 3, 6, 3, 6, 3, 6, 3, 6, 3, 6, 3, 6, 3, 6, 3, 63], [], [], [], [], []]",[],[],[],[],[],0
102,"('A', 'F', 'C', 'B', 'D', 'E')","[[2, 3, 6, 3, 6, 3, 6, 3, 6, 3, 6, 3, 6, 3, 6, 3, 6, 3, 63], [], [], [], [], []]",[],[],[],[],[],0
103,"('A', 'F', 'C', 'B', 'E', 'D')","[[2, 3, 6, 3, 6, 3, 6, 3, 6, 3, 6, 3, 6, 3, 6, 3, 6, 3, 63], [], [], [], [], []]",[],[],[],[],[],0
104,"('A', 'F', 'C', 'D', 'B', 'E')","[[2, 3, 6, 3, 6, 3, 6, 3, 6, 3, 6, 3, 6, 3, 6, 3, 6, 3, 63], [], [], [], [], []]",[],[],[],[],[],0
105,"('A', 'F', 'C', 'D', 'E', 'B')","[[2, 3, 6, 3, 6, 3, 6, 3, 6, 3, 6, 3, 6, 3, 6, 3, 6, 3, 63], [], [], [], [], []]",[],[],[],[],[],0
106,"('A', 'F', 'C', 'E', 'B', 'D')","[[2, 3, 6, 3, 6, 3, 6, 3, 6, 3, 6, 3, 6, 3, 6, 3, 6, 3, 63], [], [], [], [], []]",[],[],[],[],[],0
107,"('A', 'F', 'C', 'E', 'D', 'B')","[[2, 3, 6, 3, 6, 3, 6, 3, 6, 3, 6, 3, 6, 3, 6, 3, 6, 3, 63], [], [], [], [], []]",[],[],[],[],[],0
108,"('A', 'F', 'D', 'B', 'C', 'E')","[[2, 3, 6, 3, 6, 3, 6, 3, 6, 3, 6, 3, 6, 3, 6, 3, 6, 3, 63], [], [], [], [], []]",[],[],[],[],[],0
109,"('A', 'F', 'D', 'B', 'E', 'C')","[[2, 3, 6, 3, 6, 3, 6, 3, 6, 3, 6, 3, 6, 3, 6, 3, 6, 3, 63], [], [], [], [], []]",[],[],[],[],[],0
110,"('A', 'F', 'D', 'C', 'B', 'E')","[[2, 3, 6, 3, 6, 3, 6, 3, 6, 3, 6, 3, 6, 3, 6, 3, 6, 3, 63], [], [], [], [], []]",[],[],[],[],[],0
111,"('A', 'F', 'D', 'C', 'E', 'B')","[[2, 3, 6, 3, 6, 3, 6, 3, 6, 3, 6, 3, 6, 3, 6, 3, 6, 3, 63], [], [], [], [], []]",[],[],[],[],[],0
112,"('A', 'F', 'D', 'E', 'B', 'C')","[[2, 3, 6, 3, 6, 3, 6, 3, 6, 3, 6, 3, 6, 3, 6, 3, 6, 3, 63], [], [], [], [], []]",[],[],[],[],[],0
113,"('A', 'F', 'D', 'E', 'C', 'B')","[[2, 3, 6, 3, 6, 3, 6, 3, 6, 3, 6, 3, 6, 3, 6, 3, 6, 3, 63], [], [], [], [], []]",[],[],[],[],[],0
114,"('A', 'F', 'E', 'B', 'C', 'D')","[[2, 3, 6, 3, 6, 3, 6, 3, 6, 3, 6, 3, 6, 3, 6, 3, 6, 3, 63], [], [], [], [], []]",[],[],[],[],[],0
115,"('A', 'F', 'E', 'B', 'D', 'C')","[[2, 3, 6, 3, 6, 3, 6, 3, 6, 3, 6, 3, 6, 3, 6, 3, 6, 3, 63], [], [], [], [], []]",[],[],[],[],[],0
116,"('A', 'F', 'E', 'C', 'B', 'D')","[[2, 3, 6, 3, 6, 3, 6, 3, 6, 3, 6, 3, 6, 3, 6, 3, 6, 3, 63], [], [], [], [], []]",[],[],[],[],[],0
117,"('A', 'F', 'E', 'C', 'D', 'B')","[[2, 3, 6, 3, 6, 3, 6, 3, 6, 3, 6, 3, 6, 3, 6, 3, 6, 3, 63], [], [], [], [], []]",[],[],[],[],[],0
118,"('A', 'F', 'E', 'D', 'B', 'C')","[[2, 3, 6, 3, 6, 3, 6, 3, 6, 3, 6, 3, 6, 3, 6, 3, 6, 3, 63], [], [], [], [], []]",[],[],[],[],[],0
119,"('A', 'F', 'E', 'D', 'C', 'B')","[[2, 3, 6, 3, 6, 3, 6, 3, 6, 3, 6, 3, 6, 3, 6, 3, 6, 3, 63], [], [], [], [], []]",[],[],[],[],[],0
120,"('B', 'A', 'C', 'D', 'E', 'F')",[],"[[2, 3, 6, 3, 6, 3, 6, 3, 6, 3, 6, 3, 6, 3, 6, 3, 6, 3, 63], [], [], [], [], []]",[],[],[],[],2
121,"('B', 'A', 'C', 'D', 'F', 'E')",[],"[[2, 3, 6, 3, 6, 3, 6, 3, 6, 3, 6, 3, 6, 3, 6, 3, 6, 3, 63], [], [], [], [], []]",[],[],[],[],2
122,"('B', 'A', 'C', 'E', 'D', 'F')",[],"[[2, 3, 6, 3, 6, 3, 6, 3, 6, 3, 6, 3, 6, 3, 6, 3, 6, 3, 63], [], [], [], [], []]",[],[],[],[],2
123,"('B', 'A', 'C', 'E', 'F', 'D')",[],"[[2, 3, 6, 3, 6, 3, 6, 3, 6, 3, 6, 3, 6, 3, 6, 3, 6, 3, 63], [], [], [], [], []]",[],[],[],[],2
124,"('B', 'A', 'C', 'F', 'D', 'E')",[],"[[2, 3, 6, 3, 6, 3, 6, 3, 6, 3, 6, 3, 6, 3, 6, 3, 6, 3, 63], [], [], [], [], []]",[],[],[],[],2
125,"('B', 'A', 'C', 'F', 'E', 'D')",[],"[[2, 3, 6, 3, 6, 3, 6, 3, 6, 3, 6, 3, 6, 3, 6, 3, 6, 3, 63], [], [], [], [], []]",[],[],[],[],2
126,"('B', 'A', 'D', 'C', 'E', 'F')",[],"[[2, 3, 6, 3, 6, 3, 6, 3, 6, 3, 6, 3, 6, 3, 6, 3, 6, 3, 63], [], [], [], [], []]",[],[],[],[],2
127,"('B', 'A', 'D', 'C', 'F', 'E')",[],"[[2, 3, 6, 3, 6, 3, 6, 3, 6, 3, 6, 3, 6, 3, 6, 3, 6, 3, 63], [], [], [], [], []]",[],[],[],[],2
128,"('B', 'A', 'D', 'E', 'C', 'F')",[],"[[2, 3, 6, 3, 6, 3, 6, 3, 6, 3, 6, 3, 6, 3, 6, 3, 6, 3, 63], [], [], [], [], []]",[],[],[],[],2
129,"('B', 'A', 'D', 'E', 'F', 'C')",[],"[[2, 3, 6, 3, 6, 3, 6, 3, 6, 3, 6, 3, 6, 3, 6, 3, 6, 3, 63], [], [], [], [], []]",[],[],[],[],2
130,"('B', 'A', 'D', 'F', 'C', 'E')",[],"[[2, 3, 6, 3, 6, 3, 6, 3, 6, 3, 6, 3, 6, 3, 6, 3, 6, 3, 63], [], [], [], [], []]",[],[],[],[],2
131,"('B', 'A', 'D', 'F', 'E', 'C')",[],"[[2, 3, 6, 3, 6, 3, 6, 3, 6, 3, 6, 3, 6, 3, 6, 3, 6, 3, 63], [], [], [], [], []]",[],[],[],[],2
132,"('B', 'A', 'E', 'C', 'D', 'F')",[],"[[2, 3, 6, 3, 6, 3, 6, 3, 6, 3, 6, 3, 6, 3, 6, 3, 6, 3, 63], [], [], [], [], []]",[],[],[],[],2
133,"('B', 'A', 'E', 'C', 'F', 'D')",[],"[[2, 3, 6, 3, 6, 3, 6, 3, 6, 3, 6, 3, 6, 3, 6, 3, 6, 3, 63], [], [], [], [], []]",[],[],[],[],2
134,"('B', 'A', 'E', 'D', 'C', 'F')",[],"[[2, 3, 6, 3, 6, 3, 6, 3, 6, 3, 6, 3, 6, 3, 6, 3, 6, 3, 63], [], [], [], [], []]",[],[],[],[],2
135,"('B', 'A', 'E', 'D', 'F', 'C')",[],"[[2, 3, 6, 3, 6, 3, 6, 3, 6, 3, 6, 3, 6, 3, 6, 3, 6, 3, 63], [], [], [], [], []]",[],[],[],[],2
136,"('B', 'A', 'E', 'F', 'C', 'D')",[],"[[2, 3, 6, 3, 6, 3, 6, 3, 6, 3, 6, 3, 6, 3, 6, 3, 6, 3, 63], [], [], [], [], []]",[],[],[],[],2
137,"('B', 'A', 'E', 'F', 'D', 'C')",[],"[[2, 3, 6, 3, 6, 3, 6, 3, 6, 3, 6, 3, 6, 3, 6, 3, 6, 3, 63], [], [], [], [], []]",[],[],[],[],2
138,"('B', 'A', 'F', 'C', 'D', 'E')",[],"[[2, 3, 6, 3, 6, 3, 6, 3, 6, 3, 6, 3, 6, 3, 6, 3, 6, 3, 63], [], [], [], [], []]",[],[],[],[],2
139,"('B', 'A', 'F', 'C', 'E', 'D')",[],"[[2, 3, 6, 3, 6, 3, 6, 3, 6, 3, 6, 3, 6, 3, 6, 3, 6, 3, 63], [], [], [], [], []]",[],[],[],[],2
140,"('B', 'A', 'F', 'D', 'C', 'E')",[],"[[2, 3, 6, 3, 6, 3, 6, 3, 6, 3, 6, 3, 6, 3, 6, 3, 6, 3, 63], [], [], [], [], []]",[],[],[],[],2
141,"('B', 'A', 'F', 'D', 'E', 'C')",[],"[[2, 3, 6, 3, 6, 3, 6, 3, 6, 3, 6, 3, 6, 3, 6, 3, 6, 3, 63], [], [], [], [], []]",[],[],[],[],2
142,"('B', 'A', 'F', 'E', 'C', 'D')",[],"[[2, 3, 6, 3, 6, 3, 6, 3, 6, 3, 6, 3, 6, 3, 6, 3, 6, 3, 63], [], [], [], [], []]",[],[],[],[],2
143,"('B', 'A', 'F', 'E', 'D', 'C')",[],"[[2, 3, 6, 3, 6, 3, 6, 3, 6, 3, 6, 3, 6, 3, 6, 3, 6, 3, 63], [], [], [], [], []]",[],[],[],[],2
144,"('B', 'C', 'A', 'D', 'E', 'F')",[],[],"[[2, 3, 6, 3, 6, 3, 6, 3, 6, 3, 6, 3, 6, 3, 6, 3, 6, 3, 63], [], [], [], [], []]",[],[],[],2
145,"('B', 'C', 'A', 'D', 'F', 'E')",[],[],"[[2, 3, 6, 3, 6, 3, 6, 3, 6, 3, 6, 3, 6, 3, 6, 3, 6, 3, 63], [], [], [], [], []]",[],[],[],2
146,"('B', 'C', 'A', 'E', 'D', 'F')",[],[],"[[2, 3, 6, 3, 6, 3, 6, 3, 6, 3, 6, 3, 6, 3, 6, 3, 6, 3, 63], [], [], [], [], []]",[],[],[],2
147,"('B', 'C', 'A', 'E', 'F', 'D')",[],[],"[[2, 3, 6, 3, 6, 3, 6, 3, 6, 3, 6, 3, 6, 3, 6, 3, 6, 3, 63], [], [], [], [], []]",[],[],[],2
148,"('B', 'C', 'A', 'F', 'D', 'E')",[],[],"[[2, 3, 6, 3, 6, 3, 6, 3, 6, 3, 6, 3, 6, 3, 6, 3, 6, 3, 63], [], [], [], [], []]",[],[],[],2
149,"('B', 'C', 'A', 'F', 'E', 'D')",[],[],"[[2, 3, 6, 3, 6, 3, 6, 3, 6, 3, 6, 3, 6, 3, 6, 3, 6, 3, 63], [], [], [], [], []]",[],[],[],2
150,"('B', 'C', 'D', 'A', 'E', 'F')",[],[],[],"[[2, 3, 6, 3, 6, 3, 6, 3, 6, 3, 6, 3, 6, 3, 6, 3, 6, 3, 63], [], [], [], [], []]",[],[],2
151,"('B', 'C', 'D', 'A', 'F', 'E')",[],[],[],"[[2, 3, 6, 3, 6, 3, 6, 3, 6, 3, 6, 3, 6, 3, 6, 3, 6, 3, 63], [], [], [], [], []]",[],[],2
152,"('B', 'C', 'D', 'E', 'A', 'F')",[],[],[],[],"[[2, 3, 6, 3, 6, 3, 6, 3, 6, 3, 6, 3, 6, 3, 6, 3, 6, 3, 63], [], [], [], [], []]",[],2
153,"('B', 'C', 'D', 'E', 'F', 'A')",[],[],[],[],[],"[[2, 3, 6, 3, 6, 3, 6, 3, 6, 3, 6, 3, 6, 3, 6, 3, 6, 3, 63], [], [], [], [], []]",2
154,"('B', 'C', 'D', 'F', 'A', 'E')",[],[],[],[],"[[2, 3, 6, 3, 6, 3, 6, 3, 6, 3, 6, 3, 6, 3, 6, 3, 6, 3, 63], [], [], [], [], []]",[],2
155,"('B', 'C', 'D', 'F', 'E', 'A')",[],[],[],[],[],"[[2, 3, 6, 3, 6, 3, 6, 3, 6, 3, 6, 3, 6, 3, 6, 3, 6, 3, 63], [], [], [], [], []]",2
156,"('B', 'C', 'E', 'A', 'D', 'F')",[],[],[],"[[2, 3, 6, 3, 6, 3, 6, 3, 6, 3, 6, 3, 6, 3, 6, 3, 6, 3, 63], [], [], [], [], []]",[],[],2
157,"('B', 'C', 'E', 'A', 'F', 'D')",[],[],[],"[[2, 3, 6, 3, 6, 3, 6, 3, 6, 3, 6, 3, 6, 3, 6, 3, 6, 3, 63], [], [], [], [], []]",[],[],2
158,"('B', 'C', 'E', 'D', 'A', 'F')",[],[],[],[],"[[2, 3, 6, 3, 6, 3, 6, 3, 6, 3, 6, 3, 6, 3, 6, 3, 6, 3, 63], [], [], [], [], []]",[],2
159,"('B', 'C', 'E', 'D', 'F', 'A')",[],[],[],[],[],"[[2, 3, 6, 3, 6, 3, 6, 3, 6, 3, 6, 3, 6, 3, 6, 3, 6, 3, 63], [], [], [], [], []]",2
160,"('B', 'C', 'E', 'F', 'A', 'D')",[],[],[],[],"[[2, 3, 6, 3, 6, 3, 6, 3, 6, 3, 6, 3, 6, 3, 6, 3, 6, 3, 63], [], [], [], [], []]",[],2
161,"('B', 'C', 'E', 'F', 'D', 'A')",[],[],[],[],[],"[[2, 3, 6, 3, 6, 3, 6, 3, 6, 3, 6, 3, 6, 3, 6, 3, 6, 3, 63], [], [], [], [], []]",2
162,"('B', 'C', 'F', 'A', 'D', 'E')",[],[],[],"[[2, 3, 6, 3, 6, 3, 6, 3, 6, 3, 6, 3, 6, 3, 6, 3, 6, 3, 63], [], [], [], [], []]",[],[],2
163,"('B', 'C', 'F', 'A', 'E', 'D')",[],[],[],"[[2, 3, 6, 3, 6, 3, 6, 3, 6, 3, 6, 3, 6, 3, 6, 3, 6, 3, 63], [], [], [], [], []]",[],[],2
164,"('B', 'C', 'F', 'D', 'A', 'E')",[],[],[],[],"[[2, 3, 6, 3, 6, 3, 6, 3, 6, 3, 6, 3, 6, 3, 6, 3, 6, 3, 63], [], [], [], [], []]",[],2
165,"('B', 'C', 'F', 'D', 'E', 'A')",[],[],[],[],[],"[[2, 3, 6, 3, 6, 3, 6, 3, 6, 3, 6, 3, 6, 3, 6, 3, 6, 3, 63], [], [], [], [], []]",2
166,"('B', 'C', 'F', 'E', 'A', 'D')",[],[],[],[],"[[2, 3, 6, 3, 6, 3, 6, 3, 6, 3, 6, 3, 6, 3, 6, 3, 6, 3, 63], [], [], [], [], []]",[],2
167,"('B', 'C', 'F', 'E', 'D', 'A')",[],[],[],[],[],"[[2, 3, 6, 3, 6, 3, 6, 3, 6, 3, 6, 3, 6, 3, 6, 3, 6, 3, 63], [], [], [], [], []]",2
168,"('B', 'D', 'A', 'C', 'E', 'F')",[],[],"[[2, 3, 6, 3, 6, 3, 6, 3, 6, 3, 6, 3, 6, 3, 6, 3, 6, 3, 63], [], [], [], [], []]",[],[],[],2
169,"('B', 'D', 'A', 'C', 'F', 'E')",[],[],"[[2, 3, 6, 3, 6, 3, 6, 3, 6, 3, 6, 3, 6, 3, 6, 3, 6, 3, 63], [], [], [], [], []]",[],[],[],2
170,"('B', 'D', 'A', 'E', 'C', 'F')",[],[],"[[2, 3, 6, 3, 6, 3, 6, 3, 6, 3, 6, 3, 6, 3, 6, 3, 6, 3, 63], [], [], [], [], []]",[],[],[],2
171,"('B', 'D', 'A', 'E', 'F', 'C')",[],[],"[[2, 3, 6, 3, 6, 3, 6, 3, 6, 3, 6, 3, 6, 3, 6, 3, 6, 3, 63], [], [], [], [], []]",[],[],[],2
172,"('B', 'D', 'A', 'F', 'C', 'E')",[],[],"[[2, 3, 6, 3, 6, 3, 6, 3, 6, 3, 6, 3, 6, 3, 6, 3, 6, 3, 63], [], [], [], [], []]",[],[],[],2
173,"('B', 'D', 'A', 'F', 'E', 'C')",[],[],"[[2, 3, 6, 3, 6, 3, 6, 3, 6, 3, 6, 3, 6, 3, 6, 3, 6, 3, 63], [], [], [], [], []]",[],[],[],2
174,"('B', 'D', 'C', 'A', 'E', 'F')",[],[],[],"[[2, 3, 6, 3, 6, 3, 6, 3, 6, 3, 6, 3, 6, 3, 6, 3, 6, 3, 63], [], [], [], [], []]",[],[],2
175,"('B', 'D', 'C', 'A', 'F', 'E')",[],[],[],"[[2, 3, 6, 3, 6, 3, 6, 3, 6, 3, 6, 3, 6, 3, 6, 3, 6, 3, 63], [], [], [], [], []]",[],[],2
176,"('B', 'D', 'C', 'E', 'A', 'F')",[],[],[],[],"[[2, 3, 6, 3, 6, 3, 6, 3, 6, 3, 6, 3, 6, 3, 6, 3, 6, 3, 63], [], [], [], [], []]",[],2
177,"('B', 'D', 'C', 'E', 'F', 'A')",[],[],[],[],[],"[[2, 3, 6, 3, 6, 3, 6, 3, 6, 3, 6, 3, 6, 3, 6, 3, 6, 3, 63], [], [], [], [], []]",2
178,"('B', 'D', 'C', 'F', 'A', 'E')",[],[],[],[],"[[2, 3, 6, 3, 6, 3, 6, 3, 6, 3, 6, 3, 6, 3, 6, 3, 6, 3, 63], [], [], [], [], []]",[],2
179,"('B', 'D', 'C', 'F', 'E', 'A')",[],[],[],[],[],"[[2, 3, 6, 3, 6, 3, 6, 3, 6, 3, 6, 3, 6, 3, 6, 3, 6, 3, 63], [], [], [], [], []]",2
180,"('B', 'D', 'E', 'A', 'C', 'F')",[],[],[],"[[2, 3, 6, 3, 6, 3, 6, 3, 6, 3, 6, 3, 6, 3, 6, 3, 6, 3, 63], [], [], [], [], []]",[],[],2
181,"('B', 'D', 'E', 'A', 'F', 'C')",[],[],[],"[[2, 3, 6, 3, 6, 3, 6, 3, 6, 3, 6, 3, 6, 3, 6, 3, 6, 3, 63], [], [], [], [], []]",[],[],2
182,"('B', 'D', 'E', 'C', 'A', 'F')",[],[],[],[],"[[2, 3, 6, 3, 6, 3, 6, 3, 6, 3, 6, 3, 6, 3, 6, 3, 6, 3, 63], [], [], [], [], []]",[],2
183,"('B', 'D', 'E', 'C', 'F', 'A')",[],[],[],[],[],"[[2, 3, 6, 3, 6, 3, 6, 3, 6, 3, 6, 3, 6, 3, 6, 3, 6, 3, 63], [], [], [], [], []]",2
184,"('B', 'D', 'E', 'F', 'A', 'C')",[],[],[],[],"[[2, 3, 6, 3, 6, 3, 6, 3, 6, 3, 6, 3, 6, 3, 6, 3, 6, 3, 63], [], [], [], [], []]",[],2
185,"('B', 'D', 'E', 'F', 'C', 'A')",[],[],[],[],[],"[[2, 3, 6, 3, 6, 3, 6, 3, 6, 3, 6, 3, 6, 3, 6, 3, 6, 3, 63], [], [], [], [], []]",2
186,"('B', 'D', 'F', 'A', 'C', 'E')",[],[],[],"[[2, 3, 6, 3, 6, 3, 6, 3, 6, 3, 6, 3, 6, 3, 6, 3, 6, 3, 63], [], [], [], [], []]",[],[],2
187,"('B', 'D', 'F', 'A', 'E', 'C')",[],[],[],"[[2, 3, 6, 3, 6, 3, 6, 3, 6, 3, 6, 3, 6, 3, 6, 3, 6, 3, 63], [], [], [], [], []]",[],[],2
188,"('B', 'D', 'F', 'C', 'A', 'E')",[],[],[],[],"[[2, 3, 6, 3, 6, 3, 6, 3, 6, 3, 6, 3, 6, 3, 6, 3, 6, 3, 63], [], [], [], [], []]",[],2
189,"('B', 'D', 'F', 'C', 'E', 'A')",[],[],[],[],[],"[[2, 3, 6, 3, 6, 3, 6, 3, 6, 3, 6, 3, 6, 3, 6, 3, 6, 3, 63], [], [], [], [], []]",2
190,"('B', 'D', 'F', 'E', 'A', 'C')",[],[],[],[],"[[2, 3, 6, 3, 6, 3, 6, 3, 6, 3, 6, 3, 6, 3, 6, 3, 6, 3, 63], [], [], [], [], []]",[],2
191,"('B', 'D', 'F', 'E', 'C', 'A')",[],[],[],[],[],"[[2, 3, 6, 3, 6, 3, 6, 3, 6, 3, 6, 3, 6, 3, 6, 3, 6, 3, 63], [], [], [], [], []]",2
192,"('B', 'E', 'A', 'C', 'D', 'F')",[],[],"[[2, 3, 6, 3, 6, 3, 6, 3, 6, 3, 6, 3, 6, 3, 6, 3, 6, 3, 63], [], [], [], [], []]",[],[],[],2
193,"('B', 'E', 'A', 'C', 'F', 'D')",[],[],"[[2, 3, 6, 3, 6, 3, 6, 3, 6, 3, 6, 3, 6, 3, 6, 3, 6, 3, 63], [], [], [], [], []]",[],[],[],2
194,"('B', 'E', 'A', 'D', 'C', 'F')",[],[],"[[2, 3, 6, 3, 6, 3, 6, 3, 6, 3, 6, 3, 6, 3, 6, 3, 6, 3, 63], [], [], [], [], []]",[],[],[],2
195,"('B', 'E', 'A', 'D', 'F', 'C')",[],[],"[[2, 3, 6, 3, 6, 3, 6, 3, 6, 3, 6, 3, 6, 3, 6, 3, 6, 3, 63], [], [], [], [], []]",[],[],[],2
196,"('B', 'E', 'A', 'F', 'C', 'D')",[],[],"[[2, 3, 6, 3, 6, 3, 6, 3, 6, 3, 6, 3, 6, 3, 6, 3, 6, 3, 63], [], [], [], [], []]",[],[],[],2
197,"('B', 'E', 'A', 'F', 'D', 'C')",[],[],"[[2, 3, 6, 3, 6, 3, 6, 3, 6, 3, 6, 3, 6, 3, 6, 3, 6, 3, 63], [], [], [], [], []]",[],[],[],2
198,"('B', 'E', 'C', 'A', 'D', 'F')",[],[],[],"[[2, 3, 6, 3, 6, 3, 6, 3, 6, 3, 6, 3, 6, 3, 6, 3, 6, 3, 63], [], [], [], [], []]",[],[],2
199,"('B', 'E', 'C', 'A', 'F', 'D')",[],[],[],"[[2, 3, 6, 3, 6, 3, 6, 3, 6, 3, 6, 3, 6, 3, 6, 3, 6, 3, 63], [], [], [], [], []]",[],[],2
200,"('B', 'E', 'C', 'D', 'A', 'F')",[],[],[],[],"[[2, 3, 6, 3, 6, 3, 6, 3, 6, 3, 6, 3, 6, 3, 6, 3, 6, 3, 63], [], [], [], [], []]",[],2
201,"('B', 'E', 'C', 'D', 'F', 'A')",[],[],[],[],[],"[[2, 3, 6, 3, 6, 3, 6, 3, 6, 3, 6, 3, 6, 3, 6, 3, 6, 3, 63], [], [], [], [], []]",2
202,"('B', 'E', 'C', 'F', 'A', 'D')",[],[],[],[],"[[2, 3, 6, 3, 6, 3, 6, 3, 6, 3, 6, 3, 6, 3, 6, 3, 6, 3, 63], [], [], [], [], []]",[],2
203,"('B', 'E', 'C', 'F', 'D', 'A')",[],[],[],[],[],"[[2, 3, 6, 3, 6, 3, 6, 3, 6, 3, 6, 3, 6, 3, 6, 3, 6, 3, 63], [], [], [], [], []]",2
204,"('B', 'E', 'D', 'A', 'C', 'F')",[],[],[],"[[2, 3, 6, 3, 6, 3, 6, 3, 6, 3, 6, 3, 6, 3, 6, 3, 6, 3, 63], [], [], [], [], []]",[],[],2
205,"('B', 'E', 'D', 'A', 'F', 'C')",[],[],[],"[[2, 3, 6, 3, 6, 3, 6, 3, 6, 3, 6, 3, 6, 3, 6, 3, 6, 3, 63], [], [], [], [], []]",[],[],2
206,"('B', 'E', 'D', 'C', 'A', 'F')",[],[],[],[],"[[2, 3, 6, 3, 6, 3, 6, 3, 6, 3, 6, 3, 6, 3, 6, 3, 6, 3, 63], [], [], [], [], []]",[],2
207,"('B', 'E', 'D', 'C', 'F', 'A')",[],[],[],[],[],"[[2, 3, 6, 3, 6, 3, 6, 3, 6, 3, 6, 3, 6, 3, 6, 3, 6, 3, 63], [], [], [], [], []]",2
208,"('B', 'E', 'D', 'F', 'A', 'C')",[],[],[],[],"[[2, 3, 6, 3, 6, 3, 6, 3, 6, 3, 6, 3, 6, 3, 6, 3, 6, 3, 63], [], [], [], [], []]",[],2
209,"('B', 'E', 'D', 'F', 'C', 'A')",[],[],[],[],[],"[[2, 3, 6, 3, 6, 3, 6, 3, 6, 3, 6, 3, 6, 3, 6, 3, 6, 3, 63], [], [], [], [], []]",2
210,"('B', 'E', 'F', 'A', 'C', 'D')",[],[],[],"[[2, 3, 6, 3, 6, 3, 6, 3, 6, 3, 6, 3, 6, 3, 6, 3, 6, 3, 63], [], [], [], [], []]",[],[],2
211,"('B', 'E', 'F', 'A', 'D', 'C')",[],[],[],"[[2, 3, 6, 3, 6, 3, 6, 3, 6, 3, 6, 3, 6, 3, 6, 3, 6, 3, 63], [], [], [], [], []]",[],[],2
212,"('B', 'E', 'F', 'C', 'A', 'D')",[],[],[],[],"[[2, 3, 6, 3, 6, 3, 6, 3, 6, 3, 6, 3, 6, 3, 6, 3, 6, 3, 63], [], [], [], [], []]",[],2
213,"('B', 'E', 'F', 'C', 'D', 'A')",[],[],[],[],[],"[[2, 3, 6, 3, 6, 3, 6, 3, 6, 3, 6, 3, 6, 3, 6, 3, 6, 3, 63], [], [], [], [], []]",2
214,"('B', 'E', 'F', 'D', 'A', 'C')",[],[],[],[],"[[2, 3, 6, 3, 6, 3, 6, 3, 6, 3, 6, 3, 6, 3, 6, 3, 6, 3, 63], [], [], [], [], []]",[],2
215,"('B', 'E', 'F', 'D', 'C', 'A')",[],[],[],[],[],"[[2, 3, 6, 3, 6, 3, 6, 3, 6, 3, 6, 3, 6, 3, 6, 3, 6, 3, 63], [], [], [], [], []]",2
216,"('B', 'F', 'A', 'C', 'D', 'E')",[],[],"[[2, 3, 6, 3, 6, 3, 6, 3, 6, 3, 6, 3, 6, 3, 6, 3, 6, 3, 63], [], [], [], [], []]",[],[],[],2
217,"('B', 'F', 'A', 'C', 'E', 'D')",[],[],"[[2, 3, 6, 3, 6, 3, 6, 3, 6, 3, 6, 3, 6, 3, 6, 3, 6, 3, 63], [], [], [], [], []]",[],[],[],2
218,"('B', 'F', 'A', 'D', 'C', 'E')",[],[],"[[2, 3, 6, 3, 6, 3, 6, 3, 6, 3, 6, 3, 6, 3, 6, 3, 6, 3, 63], [], [], [], [], []]",[],[],[],2
219,"('B', 'F', 'A', 'D', 'E', 'C')",[],[],"[[2, 3, 6, 3, 6, 3, 6, 3, 6, 3, 6, 3, 6, 3, 6, 3, 6, 3, 63], [], [], [], [], []]",[],[],[],2
220,"('B', 'F', 'A', 'E', 'C', 'D')",[],[],"[[2, 3, 6, 3, 6, 3, 6, 3, 6, 3, 6, 3, 6, 3, 6, 3, 6, 3, 63], [], [], [], [], []]",[],[],[],2
221,"('B', 'F', 'A', 'E', 'D', 'C')",[],[],"[[2, 3, 6, 3, 6, 3, 6, 3, 6, 3, 6, 3, 6, 3, 6, 3, 6, 3, 63], [], [], [], [], []]",[],[],[],2
222,"('B', 'F', 'C', 'A', 'D', 'E')",[],[],[],"[[2, 3, 6, 3, 6, 3, 6, 3, 6, 3, 6, 3, 6, 3, 6, 3, 6, 3, 63], [], [], [], [], []]",[],[],2
223,"('B', 'F', 'C', 'A', 'E', 'D')",[],[],[],"[[2, 3, 6, 3, 6, 3, 6, 3, 6, 3, 6, 3, 6, 3, 6, 3, 6, 3, 63], [], [], [], [], []]",[],[],2
224,"('B', 'F', 'C', 'D', 'A', 'E')",[],[],[],[],"[[2, 3, 6, 3, 6, 3, 6, 3, 6, 3, 6, 3, 6, 3, 6, 3, 6, 3, 63], [], [], [], [], []]",[],2
225,"('B', 'F', 'C', 'D', 'E', 'A')",[],[],[],[],[],"[[2, 3, 6, 3, 6, 3, 6, 3, 6, 3, 6, 3, 6, 3, 6, 3, 6, 3, 63], [], [], [], [], []]",2
226,"('B', 'F', 'C', 'E', 'A', 'D')",[],[],[],[],"[[2, 3, 6, 3, 6, 3, 6, 3, 6, 3, 6, 3, 6, 3, 6, 3, 6, 3, 63], [], [], [], [], []]",[],2
227,"('B', 'F', 'C', 'E', 'D', 'A')",[],[],[],[],[],"[[2, 3, 6, 3, 6, 3, 6, 3, 6, 3, 6, 3, 6, 3, 6, 3, 6, 3, 63], [], [], [], [], []]",2
228,"('B', 'F', 'D', 'A', 'C', 'E')",[],[],[],"[[2, 3, 6, 3, 6, 3, 6, 3, 6, 3, 6, 3, 6, 3, 6, 3, 6, 3, 63], [], [], [], [], []]",[],[],2
229,"('B', 'F', 'D', 'A', 'E', 'C')",[],[],[],"[[2, 3, 6, 3, 6, 3, 6, 3, 6, 3, 6, 3, 6, 3, 6, 3, 6, 3, 63], [], [], [], [], []]",[],[],2
230,"('B', 'F', 'D', 'C', 'A', 'E')",[],[],[],[],"[[2, 3, 6, 3, 6, 3, 6, 3, 6, 3, 6, 3, 6, 3, 6, 3, 6, 3, 63], [], [], [], [], []]",[],2
231,"('B', 'F', 'D', 'C', 'E', 'A')",[],[],[],[],[],"[[2, 3, 6, 3, 6, 3, 6, 3, 6, 3, 6, 3, 6, 3, 6, 3, 6, 3, 63], [], [], [], [], []]",2
232,"('B', 'F', 'D', 'E', 'A', 'C')",[],[],[],[],"[[2, 3, 6, 3, 6, 3, 6, 3, 6, 3, 6, 3, 6, 3, 6, 3, 6, 3, 63], [], [], [], [], []]",[],2
233,"('B', 'F', 'D', 'E', 'C', 'A')",[],[],[],[],[],"[[2, 3, 6, 3, 6, 3, 6, 3, 6, 3, 6, 3, 6, 3, 6, 3, 6, 3, 63], [], [], [], [], []]",2
234,"('B', 'F', 'E', 'A', 'C', 'D')",[],[],[],"[[2, 3, 6, 3, 6, 3, 6, 3, 6, 3, 6, 3, 6, 3, 6, 3, 6, 3, 63], [], [], [], [], []]",[],[],2
235,"('B', 'F', 'E', 'A', 'D', 'C')",[],[],[],"[[2, 3, 6, 3, 6, 3, 6, 3, 6, 3, 6, 3, 6, 3, 6, 3, 6, 3, 63], [], [], [], [], []]",[],[],2
236,"('B', 'F', 'E', 'C', 'A', 'D')",[],[],[],[],"[[2, 3, 6, 3, 6, 3, 6, 3, 6, 3, 6, 3, 6, 3, 6, 3, 6, 3, 63], [], [], [], [], []]",[],2
237,"('B', 'F', 'E', 'C', 'D', 'A')",[],[],[],[],[],"[[2, 3, 6, 3, 6, 3, 6, 3, 6, 3, 6, 3, 6, 3, 6, 3, 6, 3, 63], [], [], [], [], []]",2
238,"('B', 'F', 'E', 'D', 'A', 'C')",[],[],[],[],"[[2, 3, 6, 3, 6, 3, 6, 3, 6, 3, 6, 3, 6, 3, 6, 3, 6, 3, 63], [], [], [], [], []]",[],2
239,"('B', 'F', 'E', 'D', 'C', 'A')",[],[],[],[],[],"[[2, 3, 6, 3, 6, 3, 6, 3, 6, 3, 6, 3, 6, 3, 6, 3, 6, 3, 63], [], [], [], [], []]",2
240,"('C', 'A', 'B', 'D', 'E', 'F')",[],"[[2, 3, 6, 3, 6, 3, 6, 3, 6, 3, 6, 3, 6, 3, 6, 3, 6, 3, 63], [], [], [], [], []]",[],[],[],[],2
241,"('C', 'A', 'B', 'D', 'F', 'E')",[],"[[2, 3, 6, 3, 6, 3, 6, 3, 6, 3, 6, 3, 6, 3, 6, 3, 6, 3, 63], [], [], [], [], []]",[],[],[],[],2
242,"('C', 'A', 'B', 'E', 'D', 'F')",[],"[[2, 3, 6, 3, 6, 3, 6, 3, 6, 3, 6, 3, 6, 3, 6, 3, 6, 3, 63], [], [], [], [], []]",[],[],[],[],2
243,"('C', 'A', 'B', 'E', 'F', 'D')",[],"[[2, 3, 6, 3, 6, 3, 6, 3, 6, 3, 6, 3, 6, 3, 6, 3, 6, 3, 63], [], [], [], [], []]",[],[],[],[],2
244,"('C', 'A', 'B', 'F', 'D', 'E')",[],"[[2, 3, 6, 3, 6, 3, 6, 3, 6, 3, 6, 3, 6, 3, 6, 3, 6, 3, 63], [], [], [], [], []]",[],[],[],[],2
245,"('C', 'A', 'B', 'F', 'E', 'D')",[],"[[2, 3, 6, 3, 6, 3, 6, 3, 6, 3, 6, 3, 6, 3, 6, 3, 6, 3, 63], [], [], [], [], []]",[],[],[],[],2
246,"('C', 'A', 'D', 'B', 'E', 'F')",[],"[[2, 3, 6, 3, 6, 3, 6, 3, 6, 3, 6, 3, 6, 3, 6, 3, 6, 3, 63], [], [], [], [], []]",[],[],[],[],2
247,"('C', 'A', 'D', 'B', 'F', 'E')",[],"[[2, 3, 6, 3, 6, 3, 6, 3, 6, 3, 6, 3, 6, 3, 6, 3, 6, 3, 63], [], [], [], [], []]",[],[],[],[],2
248,"('C', 'A', 'D', 'E', 'B', 'F')",[],"[[2, 3, 6, 3, 6, 3, 6, 3, 6, 3, 6, 3, 6, 3, 6, 3, 6, 3, 63], [], [], [], [], []]",[],[],[],[],2
249,"('C', 'A', 'D', 'E', 'F', 'B')",[],"[[2, 3, 6, 3, 6, 3, 6, 3, 6, 3, 6, 3, 6, 3, 6, 3, 6, 3, 63], [], [], [], [], []]",[],[],[],[],2
250,"('C', 'A', 'D', 'F', 'B', 'E')",[],"[[2, 3, 6, 3, 6, 3, 6, 3, 6, 3, 6, 3, 6, 3, 6, 3, 6, 3, 63], [], [], [], [], []]",[],[],[],[],2
251,"('C', 'A', 'D', 'F', 'E', 'B')",[],"[[2, 3, 6, 3, 6, 3, 6, 3, 6, 3, 6, 3, 6, 3, 6, 3, 6, 3, 63], [], [], [], [], []]",[],[],[],[],2
252,"('C', 'A', 'E', 'B', 'D', 'F')",[],"[[2, 3, 6, 3, 6, 3, 6, 3, 6, 3, 6, 3, 6, 3, 6, 3, 6, 3, 63], [], [], [], [], []]",[],[],[],[],2
253,"('C', 'A', 'E', 'B', 'F', 'D')",[],"[[2, 3, 6, 3, 6, 3, 6, 3, 6, 3, 6, 3, 6, 3, 6, 3, 6, 3, 63], [], [], [], [], []]",[],[],[],[],2
254,"('C', 'A', 'E', 'D', 'B', 'F')",[],"[[2, 3, 6, 3, 6, 3, 6, 3, 6, 3, 6, 3, 6, 3, 6, 3, 6, 3, 63], [], [], [], [], []]",[],[],[],[],2
255,"('C', 'A', 'E', 'D', 'F', 'B')",[],"[[2, 3, 6, 3, 6, 3, 6, 3, 6, 3, 6, 3, 6, 3, 6, 3, 6, 3, 63], [], [], [], [], []]",[],[],[],[],2
256,"('C', 'A', 'E', 'F', 'B', 'D')",[],"[[2, 3, 6, 3, 6, 3, 6, 3, 6, 3, 6, 3, 6, 3, 6, 3, 6, 3, 63], [], [], [], [], []]",[],[],[],[],2
257,"('C', 'A', 'E', 'F', 'D', 'B')",[],"[[2, 3, 6, 3, 6, 3, 6, 3, 6, 3, 6, 3, 6, 3, 6, 3, 6, 3, 63], [], [], [], [], []]",[],[],[],[],2
258,"('C', 'A', 'F', 'B', 'D', 'E')",[],"[[2, 3, 6, 3, 6, 3, 6, 3, 6, 3, 6, 3, 6, 3, 6, 3, 6, 3, 63], [], [], [], [], []]",[],[],[],[],2
259,"('C', 'A', 'F', 'B', 'E', 'D')",[],"[[2, 3, 6, 3, 6, 3, 6, 3, 6, 3, 6, 3, 6, 3, 6, 3, 6, 3, 63], [], [], [], [], []]",[],[],[],[],2
260,"('C', 'A', 'F', 'D', 'B', 'E')",[],"[[2, 3, 6, 3, 6, 3, 6, 3, 6, 3, 6, 3, 6, 3, 6, 3, 6, 3, 63], [], [], [], [], []]",[],[],[],[],2
261,"('C', 'A', 'F', 'D', 'E', 'B')",[],"[[2, 3, 6, 3, 6, 3, 6, 3, 6, 3, 6, 3, 6, 3, 6, 3, 6, 3, 63], [], [], [], [], []]",[],[],[],[],2
262,"('C', 'A', 'F', 'E', 'B', 'D')",[],"[[2, 3, 6, 3, 6, 3, 6, 3, 6, 3, 6, 3, 6, 3, 6, 3, 6, 3, 63], [], [], [], [], []]",[],[],[],[],2
263,"('C', 'A', 'F', 'E', 'D', 'B')",[],"[[2, 3, 6, 3, 6, 3, 6, 3, 6, 3, 6, 3, 6, 3, 6, 3, 6, 3, 63], [], [], [], [], []]",[],[],[],[],2
264,"('C', 'B', 'A', 'D', 'E', 'F')",[],[],"[[2, 3, 6, 3, 6, 3, 6, 3, 6, 3, 6, 3, 6, 3, 6, 3, 6, 3, 63], [], [], [], [], []]",[],[],[],2
265,"('C', 'B', 'A', 'D', 'F', 'E')",[],[],"[[2, 3, 6, 3, 6, 3, 6, 3, 6, 3, 6, 3, 6, 3, 6, 3, 6, 3, 63], [], [], [], [], []]",[],[],[],2
266,"('C', 'B', 'A', 'E', 'D', 'F')",[],[],"[[2, 3, 6, 3, 6, 3, 6, 3, 6, 3, 6, 3, 6, 3, 6, 3, 6, 3, 63], [], [], [], [], []]",[],[],[],2
267,"('C', 'B', 'A', 'E', 'F', 'D')",[],[],"[[2, 3, 6, 3, 6, 3, 6, 3, 6, 3, 6, 3, 6, 3, 6, 3, 6, 3, 63], [], [], [], [], []]",[],[],[],2
268,"('C', 'B', 'A', 'F', 'D', 'E')",[],[],"[[2, 3, 6, 3, 6, 3, 6, 3, 6, 3, 6, 3, 6, 3, 6, 3, 6, 3, 63], [], [], [], [], []]",[],[],[],2
269,"('C', 'B', 'A', 'F', 'E', 'D')",[],[],"[[2, 3, 6, 3, 6, 3, 6, 3, 6, 3, 6, 3, 6, 3, 6, 3, 6, 3, 63], [], [], [], [], []]",[],[],[],2
270,"('C', 'B', 'D', 'A', 'E', 'F')",[],[],[],"[[2, 3, 6, 3, 6, 3, 6, 3, 6, 3, 6, 3, 6, 3, 6, 3, 6, 3, 63], [], [], [], [], []]",[],[],2
271,"('C', 'B', 'D', 'A', 'F', 'E')",[],[],[],"[[2, 3, 6, 3, 6, 3, 6, 3, 6, 3, 6, 3, 6, 3, 6, 3, 6, 3, 63], [], [], [], [], []]",[],[],2
272,"('C', 'B', 'D', 'E', 'A', 'F')",[],[],[],[],"[[2, 3, 6, 3, 6, 3, 6, 3, 6, 3, 6, 3, 6, 3, 6, 3, 6, 3, 63], [], [], [], [], []]",[],2
273,"('C', 'B', 'D', 'E', 'F', 'A')",[],[],[],[],[],"[[2, 3, 6, 3, 6, 3, 6, 3, 6, 3, 6, 3, 6, 3, 6, 3, 6, 3, 63], [], [], [], [], []]",2
274,"('C', 'B', 'D', 'F', 'A', 'E')",[],[],[],[],"[[2, 3, 6, 3, 6, 3, 6, 3, 6, 3, 6, 3, 6, 3, 6, 3, 6, 3, 63], [], [], [], [], []]",[],2
275,"('C', 'B', 'D', 'F', 'E', 'A')",[],[],[],[],[],"[[2, 3, 6, 3, 6, 3, 6, 3, 6, 3, 6, 3, 6, 3, 6, 3, 6, 3, 63], [], [], [], [], []]",2
276,"('C', 'B', 'E', 'A', 'D', 'F')",[],[],[],"[[2, 3, 6, 3, 6, 3, 6, 3, 6, 3, 6, 3, 6, 3, 6, 3, 6, 3, 63], [], [], [], [], []]",[],[],2
277,"('C', 'B', 'E', 'A', 'F', 'D')",[],[],[],"[[2, 3, 6, 3, 6, 3, 6, 3, 6, 3, 6, 3, 6, 3, 6, 3, 6, 3, 63], [], [], [], [], []]",[],[],2
278,"('C', 'B', 'E', 'D', 'A', 'F')",[],[],[],[],"[[2, 3, 6, 3, 6, 3, 6, 3, 6, 3, 6, 3, 6, 3, 6, 3, 6, 3, 63], [], [], [], [], []]",[],2
279,"('C', 'B', 'E', 'D', 'F', 'A')",[],[],[],[],[],"[[2, 3, 6, 3, 6, 3, 6, 3, 6, 3, 6, 3, 6, 3, 6, 3, 6, 3, 63], [], [], [], [], []]",2
280,"('C', 'B', 'E', 'F', 'A', 'D')",[],[],[],[],"[[2, 3, 6, 3, 6, 3, 6, 3, 6, 3, 6, 3, 6, 3, 6, 3, 6, 3, 63], [], [], [], [], []]",[],2
281,"('C', 'B', 'E', 'F', 'D', 'A')",[],[],[],[],[],"[[2, 3, 6, 3, 6, 3, 6, 3, 6, 3, 6, 3, 6, 3, 6, 3, 6, 3, 63], [], [], [], [], []]",2
282,"('C', 'B', 'F', 'A', 'D', 'E')",[],[],[],"[[2, 3, 6, 3, 6, 3, 6, 3, 6, 3, 6, 3, 6, 3, 6, 3, 6, 3, 63], [], [], [], [], []]",[],[],2
283,"('C', 'B', 'F', 'A', 'E', 'D')",[],[],[],"[[2, 3, 6, 3, 6, 3, 6, 3, 6, 3, 6, 3, 6, 3, 6, 3, 6, 3, 63], [], [], [], [], []]",[],[],2
284,"('C', 'B', 'F', 'D', 'A', 'E')",[],[],[],[],"[[2, 3, 6, 3, 6, 3, 6, 3, 6, 3, 6, 3, 6, 3, 6, 3, 6, 3, 63], [], [], [], [], []]",[],2
285,"('C', 'B', 'F', 'D', 'E', 'A')",[],[],[],[],[],"[[2, 3, 6, 3, 6, 3, 6, 3, 6, 3, 6, 3, 6, 3, 6, 3, 6, 3, 63], [], [], [], [], []]",2
286,"('C', 'B', 'F', 'E', 'A', 'D')",[],[],[],[],"[[2, 3, 6, 3, 6, 3, 6, 3, 6, 3, 6, 3, 6, 3, 6, 3, 6, 3, 63], [], [], [], [], []]",[],2
287,"('C', 'B', 'F', 'E', 'D', 'A')",[],[],[],[],[],"[[2, 3, 6, 3, 6, 3, 6, 3, 6, 3, 6, 3, 6, 3, 6, 3, 6, 3, 63], [], [], [], [], []]",2
288,"('C', 'D', 'A', 'B', 'E', 'F')",[],[],"[[2, 3, 6, 3, 6, 3, 6, 3, 6, 3, 6, 3, 6, 3, 6, 3, 6, 3, 63], [], [], [], [], []]",[],[],[],2
289,"('C', 'D', 'A', 'B', 'F', 'E')",[],[],"[[2, 3, 6, 3, 6, 3, 6, 3, 6, 3, 6, 3, 6, 3, 6, 3, 6, 3, 63], [], [], [], [], []]",[],[],[],2
290,"('C', 'D', 'A', 'E', 'B', 'F')",[],[],"[[2, 3, 6, 3, 6, 3, 6, 3, 6, 3, 6, 3, 6, 3, 6, 3, 6, 3, 63], [], [], [], [], []]",[],[],[],2
291,"('C', 'D', 'A', 'E', 'F', 'B')",[],[],"[[2, 3, 6, 3, 6, 3, 6, 3, 6, 3, 6, 3, 6, 3, 6, 3, 6, 3, 63], [], [], [], [], []]",[],[],[],2
292,"('C', 'D', 'A', 'F', 'B', 'E')",[],[],"[[2, 3, 6, 3, 6, 3, 6, 3, 6, 3, 6, 3, 6, 3, 6, 3, 6, 3, 63], [], [], [], [], []]",[],[],[],2
293,"('C', 'D', 'A', 'F', 'E', 'B')",[],[],"[[2, 3, 6, 3, 6, 3, 6, 3, 6, 3, 6, 3, 6, 3, 6, 3, 6, 3, 63], [], [], [], [], []]",[],[],[],2
294,"('C', 'D', 'B', 'A', 'E', 'F')",[],[],[],"[[2, 3, 6, 3, 6, 3, 6, 3, 6, 3, 6, 3, 6, 3, 6, 3, 6, 3, 63], [], [], [], [], []]",[],[],2
295,"('C', 'D', 'B', 'A', 'F', 'E')",[],[],[],"[[2, 3, 6, 3, 6, 3, 6, 3, 6, 3, 6, 3, 6, 3, 6, 3, 6, 3, 63], [], [], [], [], []]",[],[],2
296,"('C', 'D', 'B', 'E', 'A', 'F')",[],[],[],[],"[[2, 3, 6, 3, 6, 3, 6, 3, 6, 3, 6, 3, 6, 3, 6, 3, 6, 3, 63], [], [], [], [], []]",[],2
297,"('C', 'D', 'B', 'E', 'F', 'A')",[],[],[],[],[],"[[2, 3, 6, 3, 6, 3, 6, 3, 6, 3, 6, 3, 6, 3, 6, 3, 6, 3, 63], [], [], [], [], []]",2
298,"('C', 'D', 'B', 'F', 'A', 'E')",[],[],[],[],"[[2, 3, 6, 3, 6, 3, 6, 3, 6, 3, 6, 3, 6, 3, 6, 3, 6, 3, 63], [], [], [], [], []]",[],2
299,"('C', 'D', 'B', 'F', 'E', 'A')",[],[],[],[],[],"[[2, 3, 6, 3, 6, 3, 6, 3, 6, 3, 6, 3, 6, 3, 6, 3, 6, 3, 63], [], [], [], [], []]",2
300,"('C', 'D', 'E', 'A', 'B', 'F')",[],[],[],"[[2, 3, 6, 3, 6, 3, 6, 3, 6, 3, 6, 3, 6, 3, 6, 3, 6, 3, 63], [], [], [], [], []]",[],[],2
301,"('C', 'D', 'E', 'A', 'F', 'B')",[],[],[],"[[2, 3, 6, 3, 6, 3, 6, 3, 6, 3, 6, 3, 6, 3, 6, 3, 6, 3, 63], [], [], [], [], []]",[],[],2
302,"('C', 'D', 'E', 'B', 'A', 'F')",[],[],[],[],"[[2, 3, 6, 3, 6, 3, 6, 3, 6, 3, 6, 3, 6, 3, 6, 3, 6, 3, 63], [], [], [], [], []]",[],2
303,"('C', 'D', 'E', 'B', 'F', 'A')",[],[],[],[],[],"[[2, 3, 6, 3, 6, 3, 6, 3, 6, 3, 6, 3, 6, 3, 6, 3, 6, 3, 63], [], [], [], [], []]",2
304,"('C', 'D', 'E', 'F', 'A', 'B')",[],[],[],[],"[[2, 3, 6, 3, 6, 3, 6, 3, 6, 3, 6, 3, 6, 3, 6, 3, 6, 3, 63], [], [], [], [], []]",[],2
305,"('C', 'D', 'E', 'F', 'B', 'A')",[],[],[],[],[],"[[2, 3, 6, 3, 6, 3, 6, 3, 6, 3, 6, 3, 6, 3, 6, 3, 6, 3, 63], [], [], [], [], []]",2
306,"('C', 'D', 'F', 'A', 'B', 'E')",[],[],[],"[[2, 3, 6, 3, 6, 3, 6, 3, 6, 3, 6, 3, 6, 3, 6, 3, 6, 3, 63], [], [], [], [], []]",[],[],2
307,"('C', 'D', 'F', 'A', 'E', 'B')",[],[],[],"[[2, 3, 6, 3, 6, 3, 6, 3, 6, 3, 6, 3, 6, 3, 6, 3, 6, 3, 63], [], [], [], [], []]",[],[],2
308,"('C', 'D', 'F', 'B', 'A', 'E')",[],[],[],[],"[[2, 3, 6, 3, 6, 3, 6, 3, 6, 3, 6, 3, 6, 3, 6, 3, 6, 3, 63], [], [], [], [], []]",[],2
309,"('C', 'D', 'F', 'B', 'E', 'A')",[],[],[],[],[],"[[2, 3, 6, 3, 6, 3, 6, 3, 6, 3, 6, 3, 6, 3, 6, 3, 6, 3, 63], [], [], [], [], []]",2
310,"('C', 'D', 'F', 'E', 'A', 'B')",[],[],[],[],"[[2, 3, 6, 3, 6, 3, 6, 3, 6, 3, 6, 3, 6, 3, 6, 3, 6, 3, 63], [], [], [], [], []]",[],2
311,"('C', 'D', 'F', 'E', 'B', 'A')",[],[],[],[],[],"[[2, 3, 6, 3, 6, 3, 6, 3, 6, 3, 6, 3, 6, 3, 6, 3, 6, 3, 63], [], [], [], [], []]",2
312,"('C', 'E', 'A', 'B', 'D', 'F')",[],[],"[[2, 3, 6, 3, 6, 3, 6, 3, 6, 3, 6, 3, 6, 3, 6, 3, 6, 3, 63], [], [], [], [], []]",[],[],[],2
313,"('C', 'E', 'A', 'B', 'F', 'D')",[],[],"[[2, 3, 6, 3, 6, 3, 6, 3, 6, 3, 6, 3, 6, 3, 6, 3, 6, 3, 63], [], [], [], [], []]",[],[],[],2
314,"('C', 'E', 'A', 'D', 'B', 'F')",[],[],"[[2, 3, 6, 3, 6, 3, 6, 3, 6, 3, 6, 3, 6, 3, 6, 3, 6, 3, 63], [], [], [], [], []]",[],[],[],2
315,"('C', 'E', 'A', 'D', 'F', 'B')",[],[],"[[2, 3, 6, 3, 6, 3, 6, 3, 6, 3, 6, 3, 6, 3, 6, 3, 6, 3, 63], [], [], [], [], []]",[],[],[],2
316,"('C', 'E', 'A', 'F', 'B', 'D')",[],[],"[[2, 3, 6, 3, 6, 3, 6, 3, 6, 3, 6, 3, 6, 3, 6, 3, 6, 3, 63], [], [], [], [], []]",[],[],[],2
317,"('C', 'E', 'A', 'F', 'D', 'B')",[],[],"[[2, 3, 6, 3, 6, 3, 6, 3, 6, 3, 6, 3, 6, 3, 6, 3, 6, 3, 63], [], [], [], [], []]",[],[],[],2
318,"('C', 'E', 'B', 'A', 'D', 'F')",[],[],[],"[[2, 3, 6, 3, 6, 3, 6, 3, 6, 3, 6, 3, 6, 3, 6, 3, 6, 3, 63], [], [], [], [], []]",[],[],2
319,"('C', 'E', 'B', 'A', 'F', 'D')",[],[],[],"[[2, 3, 6, 3, 6, 3, 6, 3, 6, 3, 6, 3, 6, 3, 6, 3, 6, 3, 63], [], [], [], [], []]",[],[],2
320,"('C', 'E', 'B', 'D', 'A', 'F')",[],[],[],[],"[[2, 3, 6, 3, 6, 3, 6, 3, 6, 3, 6, 3, 6, 3, 6, 3, 6, 3, 63], [], [], [], [], []]",[],2
321,"('C', 'E', 'B', 'D', 'F', 'A')",[],[],[],[],[],"[[2, 3, 6, 3, 6, 3, 6, 3, 6, 3, 6, 3, 6, 3, 6, 3, 6, 3, 63], [], [], [], [], []]",2
322,"('C', 'E', 'B', 'F', 'A', 'D')",[],[],[],[],"[[2, 3, 6, 3, 6, 3, 6, 3, 6, 3, 6, 3, 6, 3, 6, 3, 6, 3, 63], [], [], [], [], []]",[],2
323,"('C', 'E', 'B', 'F', 'D', 'A')",[],[],[],[],[],"[[2, 3, 6, 3, 6, 3, 6, 3, 6, 3, 6, 3, 6, 3, 6, 3, 6, 3, 63], [], [], [], [], []]",2
324,"('C', 'E', 'D', 'A', 'B', 'F')",[],[],[],"[[2, 3, 6, 3, 6, 3, 6, 3, 6, 3, 6, 3, 6, 3, 6, 3, 6, 3, 63], [], [], [], [], []]",[],[],2
325,"('C', 'E', 'D', 'A', 'F', 'B')",[],[],[],"[[2, 3, 6, 3, 6, 3, 6, 3, 6, 3, 6, 3, 6, 3, 6, 3, 6, 3, 63], [], [], [], [], []]",[],[],2
326,"('C', 'E', 'D', 'B', 'A', 'F')",[],[],[],[],"[[2, 3, 6, 3, 6, 3, 6, 3, 6, 3, 6, 3, 6, 3, 6, 3, 6, 3, 63], [], [], [], [], []]",[],2
327,"('C', 'E', 'D', 'B', 'F', 'A')",[],[],[],[],[],"[[2, 3, 6, 3, 6, 3, 6, 3, 6, 3, 6, 3, 6, 3, 6, 3, 6, 3, 63], [], [], [], [], []]",2
328,"('C', 'E', 'D', 'F', 'A', 'B')",[],[],[],[],"[[2, 3, 6, 3, 6, 3, 6, 3, 6, 3, 6, 3, 6, 3, 6, 3, 6, 3, 63], [], [], [], [], []]",[],2
329,"('C', 'E', 'D', 'F', 'B', 'A')",[],[],[],[],[],"[[2, 3, 6, 3, 6, 3, 6, 3, 6, 3, 6, 3, 6, 3, 6, 3, 6, 3, 63], [], [], [], [], []]",2
330,"('C', 'E', 'F', 'A', 'B', 'D')",[],[],[],"[[2, 3, 6, 3, 6, 3, 6, 3, 6, 3, 6, 3, 6, 3, 6, 3, 6, 3, 63], [], [], [], [], []]",[],[],2
331,"('C', 'E', 'F', 'A', 'D', 'B')",[],[],[],"[[2, 3, 6, 3, 6, 3, 6, 3, 6, 3, 6, 3, 6, 3, 6, 3, 6, 3, 63], [], [], [], [], []]",[],[],2
332,"('C', 'E', 'F', 'B', 'A', 'D')",[],[],[],[],"[[2, 3, 6, 3, 6, 3, 6, 3, 6, 3, 6, 3, 6, 3, 6, 3, 6, 3, 63], [], [], [], [], []]",[],2
333,"('C', 'E', 'F', 'B', 'D', 'A')",[],[],[],[],[],"[[2, 3, 6, 3, 6, 3, 6, 3, 6, 3, 6, 3, 6, 3, 6, 3, 6, 3, 63], [], [], [], [], []]",2
334,"('C', 'E', 'F', 'D', 'A', 'B')",[],[],[],[],"[[2, 3, 6, 3, 6, 3, 6, 3, 6, 3, 6, 3, 6, 3, 6, 3, 6, 3, 63], [], [], [], [], []]",[],2
335,"('C', 'E', 'F', 'D', 'B', 'A')",[],[],[],[],[],"[[2, 3, 6, 3, 6, 3, 6, 3, 6, 3, 6, 3, 6, 3, 6, 3, 6, 3, 63], [], [], [], [], []]",2
336,"('C', 'F', 'A', 'B', 'D', 'E')",[],[],"[[2, 3, 6, 3, 6, 3, 6, 3, 6, 3, 6, 3, 6, 3, 6, 3, 6, 3, 63], [], [], [], [], []]",[],[],[],2
337,"('C', 'F', 'A', 'B', 'E', 'D')",[],[],"[[2, 3, 6, 3, 6, 3, 6, 3, 6, 3, 6, 3, 6, 3, 6, 3, 6, 3, 63], [], [], [], [], []]",[],[],[],2
338,"('C', 'F', 'A', 'D', 'B', 'E')",[],[],"[[2, 3, 6, 3, 6, 3, 6, 3, 6, 3, 6, 3, 6, 3, 6, 3, 6, 3, 63], [], [], [], [], []]",[],[],[],2
339,"('C', 'F', 'A', 'D', 'E', 'B')",[],[],"[[2, 3, 6, 3, 6, 3, 6, 3, 6, 3, 6, 3, 6, 3, 6, 3, 6, 3, 63], [], [], [], [], []]",[],[],[],2
340,"('C', 'F', 'A', 'E', 'B', 'D')",[],[],"[[2, 3, 6, 3, 6, 3, 6, 3, 6, 3, 6, 3, 6, 3, 6, 3, 6, 3, 63], [], [], [], [], []]",[],[],[],2
341,"('C', 'F', 'A', 'E', 'D', 'B')",[],[],"[[2, 3, 6, 3, 6, 3, 6, 3, 6, 3, 6, 3, 6, 3, 6, 3, 6, 3, 63], [], [], [], [], []]",[],[],[],2
342,"('C', 'F', 'B', 'A', 'D', 'E')",[],[],[],"[[2, 3, 6, 3, 6, 3, 6, 3, 6, 3, 6, 3, 6, 3, 6, 3, 6, 3, 63], [], [], [], [], []]",[],[],2
343,"('C', 'F', 'B', 'A', 'E', 'D')",[],[],[],"[[2, 3, 6, 3, 6, 3, 6, 3, 6, 3, 6, 3, 6, 3, 6, 3, 6, 3, 63], [], [], [], [], []]",[],[],2
344,"('C', 'F', 'B', 'D', 'A', 'E')",[],[],[],[],"[[2, 3, 6, 3, 6, 3, 6, 3, 6, 3, 6, 3, 6, 3, 6, 3, 6, 3, 63], [], [], [], [], []]",[],2
345,"('C', 'F', 'B', 'D', 'E', 'A')",[],[],[],[],[],"[[2, 3, 6, 3, 6, 3, 6, 3, 6, 3, 6, 3, 6, 3, 6, 3, 6, 3, 63], [], [], [], [], []]",2
346,"('C', 'F', 'B', 'E', 'A', 'D')",[],[],[],[],"[[2, 3, 6, 3, 6, 3, 6, 3, 6, 3, 6, 3, 6, 3, 6, 3, 6, 3, 63], [], [], [], [], []]",[],2
347,"('C', 'F', 'B', 'E', 'D', 'A')",[],[],[],[],[],"[[2, 3, 6, 3, 6, 3, 6, 3, 6, 3, 6, 3, 6, 3, 6, 3, 6, 3, 63], [], [], [], [], []]",2
348,"('C', 'F', 'D', 'A', 'B', 'E')",[],[],[],"[[2, 3, 6, 3, 6, 3, 6, 3, 6, 3, 6, 3, 6, 3, 6, 3, 6, 3, 63], [], [], [], [], []]",[],[],2
349,"('C', 'F', 'D', 'A', 'E', 'B')",[],[],[],"[[2, 3, 6, 3, 6, 3, 6, 3, 6, 3, 6, 3, 6, 3, 6, 3, 6, 3, 63], [], [], [], [], []]",[],[],2
350,"('C', 'F', 'D', 'B', 'A', 'E')",[],[],[],[],"[[2, 3, 6, 3, 6, 3, 6, 3, 6, 3, 6, 3, 6, 3, 6, 3, 6, 3, 63], [], [], [], [], []]",[],2
351,"('C', 'F', 'D', 'B', 'E', 'A')",[],[],[],[],[],"[[2, 3, 6, 3, 6, 3, 6, 3, 6, 3, 6, 3, 6, 3, 6, 3, 6, 3, 63], [], [], [], [], []]",2
352,"('C', 'F', 'D', 'E', 'A', 'B')",[],[],[],[],"[[2, 3, 6, 3, 6, 3, 6, 3, 6, 3, 6, 3, 6, 3, 6, 3, 6, 3, 63], [], [], [], [], []]",[],2
353,"('C', 'F', 'D', 'E', 'B', 'A')",[],[],[],[],[],"[[2, 3, 6, 3, 6, 3, 6, 3, 6, 3, 6, 3, 6, 3, 6, 3, 6, 3, 63], [], [], [], [], []]",2
354,"('C', 'F', 'E', 'A', 'B', 'D')",[],[],[],"[[2, 3, 6, 3, 6, 3, 6, 3, 6, 3, 6, 3, 6, 3, 6, 3, 6, 3, 63], [], [], [], [], []]",[],[],2
355,"('C', 'F', 'E', 'A', 'D', 'B')",[],[],[],"[[2, 3, 6, 3, 6, 3, 6, 3, 6, 3, 6, 3, 6, 3, 6, 3, 6, 3, 63], [], [], [], [], []]",[],[],2
356,"('C', 'F', 'E', 'B', 'A', 'D')",[],[],[],[],"[[2, 3, 6, 3, 6, 3, 6, 3, 6, 3, 6, 3, 6, 3, 6, 3, 6, 3, 63], [], [], [], [], []]",[],2
357,"('C', 'F', 'E', 'B', 'D', 'A')",[],[],[],[],[],"[[2, 3, 6, 3, 6, 3, 6, 3, 6, 3, 6, 3, 6, 3, 6, 3, 6, 3, 63], [], [], [], [], []]",2
358,"('C', 'F', 'E', 'D', 'A', 'B')",[],[],[],[],"[[2, 3, 6, 3, 6, 3, 6, 3, 6, 3, 6, 3, 6, 3, 6, 3, 6, 3, 63], [], [], [], [], []]",[],2
359,"('C', 'F', 'E', 'D', 'B', 'A')",[],[],[],[],[],"[[2, 3, 6, 3, 6, 3, 6, 3, 6, 3, 6, 3, 6, 3, 6, 3, 6, 3, 63], [], [], [], [], []]",2
360,"('D', 'A', 'B', 'C', 'E', 'F')",[],"[[2, 3, 6, 3, 6, 3, 6, 3, 6, 3, 6, 3, 6, 3, 6, 3, 6, 3, 63], [], [], [], [], []]",[],[],[],[],2
361,"('D', 'A', 'B', 'C', 'F', 'E')",[],"[[2, 3, 6, 3, 6, 3, 6, 3, 6, 3, 6, 3, 6, 3, 6, 3, 6, 3, 63], [], [], [], [], []]",[],[],[],[],2
362,"('D', 'A', 'B', 'E', 'C', 'F')",[],"[[2, 3, 6, 3, 6, 3, 6, 3, 6, 3, 6, 3, 6, 3, 6, 3, 6, 3, 63], [], [], [], [], []]",[],[],[],[],2
363,"('D', 'A', 'B', 'E', 'F', 'C')",[],"[[2, 3, 6, 3, 6, 3, 6, 3, 6, 3, 6, 3, 6, 3, 6, 3, 6, 3, 63], [], [], [], [], []]",[],[],[],[],2
364,"('D', 'A', 'B', 'F', 'C', 'E')",[],"[[2, 3, 6, 3, 6, 3, 6, 3, 6, 3, 6, 3, 6, 3, 6, 3, 6, 3, 63], [], [], [], [], []]",[],[],[],[],2
365,"('D', 'A', 'B', 'F', 'E', 'C')",[],"[[2, 3, 6, 3, 6, 3, 6, 3, 6, 3, 6, 3, 6, 3, 6, 3, 6, 3, 63], [], [], [], [], []]",[],[],[],[],2
366,"('D', 'A', 'C', 'B', 'E', 'F')",[],"[[2, 3, 6, 3, 6, 3, 6, 3, 6, 3, 6, 3, 6, 3, 6, 3, 6, 3, 63], [], [], [], [], []]",[],[],[],[],2
367,"('D', 'A', 'C', 'B', 'F', 'E')",[],"[[2, 3, 6, 3, 6, 3, 6, 3, 6, 3, 6, 3, 6, 3, 6, 3, 6, 3, 63], [], [], [], [], []]",[],[],[],[],2
368,"('D', 'A', 'C', 'E', 'B', 'F')",[],"[[2, 3, 6, 3, 6, 3, 6, 3, 6, 3, 6, 3, 6, 3, 6, 3, 6, 3, 63], [], [], [], [], []]",[],[],[],[],2
369,"('D', 'A', 'C', 'E', 'F', 'B')",[],"[[2, 3, 6, 3, 6, 3, 6, 3, 6, 3, 6, 3, 6, 3, 6, 3, 6, 3, 63], [], [], [], [], []]",[],[],[],[],2
370,"('D', 'A', 'C', 'F', 'B', 'E')",[],"[[2, 3, 6, 3, 6, 3, 6, 3, 6, 3, 6, 3, 6, 3, 6, 3, 6, 3, 63], [], [], [], [], []]",[],[],[],[],2
371,"('D', 'A', 'C', 'F', 'E', 'B')",[],"[[2, 3, 6, 3, 6, 3, 6, 3, 6, 3, 6, 3, 6, 3, 6, 3, 6, 3, 63], [], [], [], [], []]",[],[],[],[],2
372,"('D', 'A', 'E', 'B', 'C', 'F')",[],"[[2, 3, 6, 3, 6, 3, 6, 3, 6, 3, 6, 3, 6, 3, 6, 3, 6, 3, 63], [], [], [], [], []]",[],[],[],[],2
373,"('D', 'A', 'E', 'B', 'F', 'C')",[],"[[2, 3, 6, 3, 6, 3, 6, 3, 6, 3, 6, 3, 6, 3, 6, 3, 6, 3, 63], [], [], [], [], []]",[],[],[],[],2
374,"('D', 'A', 'E', 'C', 'B', 'F')",[],"[[2, 3, 6, 3, 6, 3, 6, 3, 6, 3, 6, 3, 6, 3, 6, 3, 6, 3, 63], [], [], [], [], []]",[],[],[],[],2
375,"('D', 'A', 'E', 'C', 'F', 'B')",[],"[[2, 3, 6, 3, 6, 3, 6, 3, 6, 3, 6, 3, 6, 3, 6, 3, 6, 3, 63], [], [], [], [], []]",[],[],[],[],2
376,"('D', 'A', 'E', 'F', 'B', 'C')",[],"[[2, 3, 6, 3, 6, 3, 6, 3, 6, 3, 6, 3, 6, 3, 6, 3, 6, 3, 63], [], [], [], [], []]",[],[],[],[],2
377,"('D', 'A', 'E', 'F', 'C', 'B')",[],"[[2, 3, 6, 3, 6, 3, 6, 3, 6, 3, 6, 3, 6, 3, 6, 3, 6, 3, 63], [], [], [], [], []]",[],[],[],[],2
378,"('D', 'A', 'F', 'B', 'C', 'E')",[],"[[2, 3, 6, 3, 6, 3, 6, 3, 6, 3, 6, 3, 6, 3, 6, 3, 6, 3, 63], [], [], [], [], []]",[],[],[],[],2
379,"('D', 'A', 'F', 'B', 'E', 'C')",[],"[[2, 3, 6, 3, 6, 3, 6, 3, 6, 3, 6, 3, 6, 3, 6, 3, 6, 3, 63], [], [], [], [], []]",[],[],[],[],2
380,"('D', 'A', 'F', 'C', 'B', 'E')",[],"[[2, 3, 6, 3, 6, 3, 6, 3, 6, 3, 6, 3, 6, 3, 6, 3, 6, 3, 63], [], [], [], [], []]",[],[],[],[],2
381,"('D', 'A', 'F', 'C', 'E', 'B')",[],"[[2, 3, 6, 3, 6, 3, 6, 3, 6, 3, 6, 3, 6, 3, 6, 3, 6, 3, 63], [], [], [], [], []]",[],[],[],[],2
382,"('D', 'A', 'F', 'E', 'B', 'C')",[],"[[2, 3, 6, 3, 6, 3, 6, 3, 6, 3, 6, 3, 6, 3, 6, 3, 6, 3, 63], [], [], [], [], []]",[],[],[],[],2
383,"('D', 'A', 'F', 'E', 'C', 'B')",[],"[[2, 3, 6, 3, 6, 3, 6, 3, 6, 3, 6, 3, 6, 3, 6, 3, 6, 3, 63], [], [], [], [], []]",[],[],[],[],2
384,"('D', 'B', 'A', 'C', 'E', 'F')",[],[],"[[2, 3, 6, 3, 6, 3, 6, 3, 6, 3, 6, 3, 6, 3, 6, 3, 6, 3, 63], [], [], [], [], []]",[],[],[],2
385,"('D', 'B', 'A', 'C', 'F', 'E')",[],[],"[[2, 3, 6, 3, 6, 3, 6, 3, 6, 3, 6, 3, 6, 3, 6, 3, 6, 3, 63], [], [], [], [], []]",[],[],[],2
386,"('D', 'B', 'A', 'E', 'C', 'F')",[],[],"[[2, 3, 6, 3, 6, 3, 6, 3, 6, 3, 6, 3, 6, 3, 6, 3, 6, 3, 63], [], [], [], [], []]",[],[],[],2
387,"('D', 'B', 'A', 'E', 'F', 'C')",[],[],"[[2, 3, 6, 3, 6, 3, 6, 3, 6, 3, 6, 3, 6, 3, 6, 3, 6, 3, 63], [], [], [], [], []]",[],[],[],2
388,"('D', 'B', 'A', 'F', 'C', 'E')",[],[],"[[2, 3, 6, 3, 6, 3, 6, 3, 6, 3, 6, 3, 6, 3, 6, 3, 6, 3, 63], [], [], [], [], []]",[],[],[],2
389,"('D', 'B', 'A', 'F', 'E', 'C')",[],[],"[[2, 3, 6, 3, 6, 3, 6, 3, 6, 3, 6, 3, 6, 3, 6, 3, 6, 3, 63], [], [], [], [], []]",[],[],[],2
390,"('D', 'B', 'C', 'A', 'E', 'F')",[],[],[],"[[2, 3, 6, 3, 6, 3, 6, 3, 6, 3, 6, 3, 6, 3, 6, 3, 6, 3, 63], [], [], [], [], []]",[],[],2
391,"('D', 'B', 'C', 'A', 'F', 'E')",[],[],[],"[[2, 3, 6, 3, 6, 3, 6, 3, 6, 3, 6, 3, 6, 3, 6, 3, 6, 3, 63], [], [], [], [], []]",[],[],2
392,"('D', 'B', 'C', 'E', 'A', 'F')",[],[],[],[],"[[2, 3, 6, 3, 6, 3, 6, 3, 6, 3, 6, 3, 6, 3, 6, 3, 6, 3, 63], [], [], [], [], []]",[],2
393,"('D', 'B', 'C', 'E', 'F', 'A')",[],[],[],[],[],"[[2, 3, 6, 3, 6, 3, 6, 3, 6, 3, 6, 3, 6, 3, 6, 3, 6, 3, 63], [], [], [], [], []]",2
394,"('D', 'B', 'C', 'F', 'A', 'E')",[],[],[],[],"[[2, 3, 6, 3, 6, 3, 6, 3, 6, 3, 6, 3, 6, 3, 6, 3, 6, 3, 63], [], [], [], [], []]",[],2
395,"('D', 'B', 'C', 'F', 'E', 'A')",[],[],[],[],[],"[[2, 3, 6, 3, 6, 3, 6, 3, 6, 3, 6, 3, 6, 3, 6, 3, 6, 3, 63], [], [], [], [], []]",2
396,"('D', 'B', 'E', 'A', 'C', 'F')",[],[],[],"[[2, 3, 6, 3, 6, 3, 6, 3, 6, 3, 6, 3, 6, 3, 6, 3, 6, 3, 63], [], [], [], [], []]",[],[],2
397,"('D', 'B', 'E', 'A', 'F', 'C')",[],[],[],"[[2, 3, 6, 3, 6, 3, 6, 3, 6, 3, 6, 3, 6, 3, 6, 3, 6, 3, 63], [], [], [], [], []]",[],[],2
398,"('D', 'B', 'E', 'C', 'A', 'F')",[],[],[],[],"[[2, 3, 6, 3, 6, 3, 6, 3, 6, 3, 6, 3, 6, 3, 6, 3, 6, 3, 63], [], [], [], [], []]",[],2
399,"('D', 'B', 'E', 'C', 'F', 'A')",[],[],[],[],[],"[[2, 3, 6, 3, 6, 3, 6, 3, 6, 3, 6, 3, 6, 3, 6, 3, 6, 3, 63], [], [], [], [], []]",2
400,"('D', 'B', 'E', 'F', 'A', 'C')",[],[],[],[],"[[2, 3, 6, 3, 6, 3, 6, 3, 6, 3, 6, 3, 6, 3, 6, 3, 6, 3, 63], [], [], [], [], []]",[],2
401,"('D', 'B', 'E', 'F', 'C', 'A')",[],[],[],[],[],"[[2, 3, 6, 3, 6, 3, 6, 3, 6, 3, 6, 3, 6, 3, 6, 3, 6, 3, 63], [], [], [], [], []]",2
402,"('D', 'B', 'F', 'A', 'C', 'E')",[],[],[],"[[2, 3, 6, 3, 6, 3, 6, 3, 6, 3, 6, 3, 6, 3, 6, 3, 6, 3, 63], [], [], [], [], []]",[],[],2
403,"('D', 'B', 'F', 'A', 'E', 'C')",[],[],[],"[[2, 3, 6, 3, 6, 3, 6, 3, 6, 3, 6, 3, 6, 3, 6, 3, 6, 3, 63], [], [], [], [], []]",[],[],2
404,"('D', 'B', 'F', 'C', 'A', 'E')",[],[],[],[],"[[2, 3, 6, 3, 6, 3, 6, 3, 6, 3, 6, 3, 6, 3, 6, 3, 6, 3, 63], [], [], [], [], []]",[],2
405,"('D', 'B', 'F', 'C', 'E', 'A')",[],[],[],[],[],"[[2, 3, 6, 3, 6, 3, 6, 3, 6, 3, 6, 3, 6, 3, 6, 3, 6, 3, 63], [], [], [], [], []]",2
406,"('D', 'B', 'F', 'E', 'A', 'C')",[],[],[],[],"[[2, 3, 6, 3, 6, 3, 6, 3, 6, 3, 6, 3, 6, 3, 6, 3, 6, 3, 63], [], [], [], [], []]",[],2
407,"('D', 'B', 'F', 'E', 'C', 'A')",[],[],[],[],[],"[[2, 3, 6, 3, 6, 3, 6, 3, 6, 3, 6, 3, 6, 3, 6, 3, 6, 3, 63], [], [], [], [], []]",2
408,"('D', 'C', 'A', 'B', 'E', 'F')",[],[],"[[2, 3, 6, 3, 6, 3, 6, 3, 6, 3, 6, 3, 6, 3, 6, 3, 6, 3, 63], [], [], [], [], []]",[],[],[],2
409,"('D', 'C', 'A', 'B', 'F', 'E')",[],[],"[[2, 3, 6, 3, 6, 3, 6, 3, 6, 3, 6, 3, 6, 3, 6, 3, 6, 3, 63], [], [], [], [], []]",[],[],[],2
410,"('D', 'C', 'A', 'E', 'B', 'F')",[],[],"[[2, 3, 6, 3, 6, 3, 6, 3, 6, 3, 6, 3, 6, 3, 6, 3, 6, 3, 63], [], [], [], [], []]",[],[],[],2
411,"('D', 'C', 'A', 'E', 'F', 'B')",[],[],"[[2, 3, 6, 3, 6, 3, 6, 3, 6, 3, 6, 3, 6, 3, 6, 3, 6, 3, 63], [], [], [], [], []]",[],[],[],2
412,"('D', 'C', 'A', 'F', 'B', 'E')",[],[],"[[2, 3, 6, 3, 6, 3, 6, 3, 6, 3, 6, 3, 6, 3, 6, 3, 6, 3, 63], [], [], [], [], []]",[],[],[],2
413,"('D', 'C', 'A', 'F', 'E', 'B')",[],[],"[[2, 3, 6, 3, 6, 3, 6, 3, 6, 3, 6, 3, 6, 3, 6, 3, 6, 3, 63], [], [], [], [], []]",[],[],[],2
414,"('D', 'C', 'B', 'A', 'E', 'F')",[],[],[],"[[2, 3, 6, 3, 6, 3, 6, 3, 6, 3, 6, 3, 6, 3, 6, 3, 6, 3, 63], [], [], [], [], []]",[],[],2
415,"('D', 'C', 'B', 'A', 'F', 'E')",[],[],[],"[[2, 3, 6, 3, 6, 3, 6, 3, 6, 3, 6, 3, 6, 3, 6, 3, 6, 3, 63], [], [], [], [], []]",[],[],2
416,"('D', 'C', 'B', 'E', 'A', 'F')",[],[],[],[],"[[2, 3, 6, 3, 6, 3, 6, 3, 6, 3, 6, 3, 6, 3, 6, 3, 6, 3, 63], [], [], [], [], []]",[],2
417,"('D', 'C', 'B', 'E', 'F', 'A')",[],[],[],[],[],"[[2, 3, 6, 3, 6, 3, 6, 3, 6, 3, 6, 3, 6, 3, 6, 3, 6, 3, 63], [], [], [], [], []]",2
418,"('D', 'C', 'B', 'F', 'A', 'E')",[],[],[],[],"[[2, 3, 6, 3, 6, 3, 6, 3, 6, 3, 6, 3, 6, 3, 6, 3, 6, 3, 63], [], [], [], [], []]",[],2
419,"('D', 'C', 'B', 'F', 'E', 'A')",[],[],[],[],[],"[[2, 3, 6, 3, 6, 3, 6, 3, 6, 3, 6, 3, 6, 3, 6, 3, 6, 3, 63], [], [], [], [], []]",2
420,"('D', 'C', 'E', 'A', 'B', 'F')",[],[],[],"[[2, 3, 6, 3, 6, 3, 6, 3, 6, 3, 6, 3, 6, 3, 6, 3, 6, 3, 63], [], [], [], [], []]",[],[],2
421,"('D', 'C', 'E', 'A', 'F', 'B')",[],[],[],"[[2, 3, 6, 3, 6, 3, 6, 3, 6, 3, 6, 3, 6, 3, 6, 3, 6, 3, 63], [], [], [], [], []]",[],[],2
422,"('D', 'C', 'E', 'B', 'A', 'F')",[],[],[],[],"[[2, 3, 6, 3, 6, 3, 6, 3, 6, 3, 6, 3, 6, 3, 6, 3, 6, 3, 63], [], [], [], [], []]",[],2
423,"('D', 'C', 'E', 'B', 'F', 'A')",[],[],[],[],[],"[[2, 3, 6, 3, 6, 3, 6, 3, 6, 3, 6, 3, 6, 3, 6, 3, 6, 3, 63], [], [], [], [], []]",2
424,"('D', 'C', 'E', 'F', 'A', 'B')",[],[],[],[],"[[2, 3, 6, 3, 6, 3, 6, 3, 6, 3, 6, 3, 6, 3, 6, 3, 6, 3, 63], [], [], [], [], []]",[],2
425,"('D', 'C', 'E', 'F', 'B', 'A')",[],[],[],[],[],"[[2, 3, 6, 3, 6, 3, 6, 3, 6, 3, 6, 3, 6, 3, 6, 3, 6, 3, 63], [], [], [], [], []]",2
426,"('D', 'C', 'F', 'A', 'B', 'E')",[],[],[],"[[2, 3, 6, 3, 6, 3, 6, 3, 6, 3, 6, 3, 6, 3, 6, 3, 6, 3, 63], [], [], [], [], []]",[],[],2
427,"('D', 'C', 'F', 'A', 'E', 'B')",[],[],[],"[[2, 3, 6, 3, 6, 3, 6, 3, 6, 3, 6, 3, 6, 3, 6, 3, 6, 3, 63], [], [], [], [], []]",[],[],2
428,"('D', 'C', 'F', 'B', 'A', 'E')",[],[],[],[],"[[2, 3, 6, 3, 6, 3, 6, 3, 6, 3, 6, 3, 6, 3, 6, 3, 6, 3, 63], [], [], [], [], []]",[],2
429,"('D', 'C', 'F', 'B', 'E', 'A')",[],[],[],[],[],"[[2, 3, 6, 3, 6, 3, 6, 3, 6, 3, 6, 3, 6, 3, 6, 3, 6, 3, 63], [], [], [], [], []]",2
430,"('D', 'C', 'F', 'E', 'A', 'B')",[],[],[],[],"[[2, 3, 6, 3, 6, 3, 6, 3, 6, 3, 6, 3, 6, 3, 6, 3, 6, 3, 63], [], [], [], [], []]",[],2
431,"('D', 'C', 'F', 'E', 'B', 'A')",[],[],[],[],[],"[[2, 3, 6, 3, 6, 3, 6, 3, 6, 3, 6, 3, 6, 3, 6, 3, 6, 3, 63], [], [], [], [], []]",2
432,"('D', 'E', 'A', 'B', 'C', 'F')",[],[],"[[2, 3, 6, 3, 6, 3, 6, 3, 6, 3, 6, 3, 6, 3, 6, 3, 6, 3, 63], [], [], [], [], []]",[],[],[],2
433,"('D', 'E', 'A', 'B', 'F', 'C')",[],[],"[[2, 3, 6, 3, 6, 3, 6, 3, 6, 3, 6, 3, 6, 3, 6, 3, 6, 3, 63], [], [], [], [], []]",[],[],[],2
434,"('D', 'E', 'A', 'C', 'B', 'F')",[],[],"[[2, 3, 6, 3, 6, 3, 6, 3, 6, 3, 6, 3, 6, 3, 6, 3, 6, 3, 63], [], [], [], [], []]",[],[],[],2
435,"('D', 'E', 'A', 'C', 'F', 'B')",[],[],"[[2, 3, 6, 3, 6, 3, 6, 3, 6, 3, 6, 3, 6, 3, 6, 3, 6, 3, 63], [], [], [], [], []]",[],[],[],2
436,"('D', 'E', 'A', 'F', 'B', 'C')",[],[],"[[2, 3, 6, 3, 6, 3, 6, 3, 6, 3, 6, 3, 6, 3, 6, 3, 6, 3, 63], [], [], [], [], []]",[],[],[],2
437,"('D', 'E', 'A', 'F', 'C', 'B')",[],[],"[[2, 3, 6, 3, 6, 3, 6, 3, 6, 3, 6, 3, 6, 3, 6, 3, 6, 3, 63], [], [], [], [], []]",[],[],[],2
438,"('D', 'E', 'B', 'A', 'C', 'F')",[],[],[],"[[2, 3, 6, 3, 6, 3, 6, 3, 6, 3, 6, 3, 6, 3, 6, 3, 6, 3, 63], [], [], [], [], []]",[],[],2
439,"('D', 'E', 'B', 'A', 'F', 'C')",[],[],[],"[[2, 3, 6, 3, 6, 3, 6, 3, 6, 3, 6, 3, 6, 3, 6, 3, 6, 3, 63], [], [], [], [], []]",[],[],2
440,"('D', 'E', 'B', 'C', 'A', 'F')",[],[],[],[],"[[2, 3, 6, 3, 6, 3, 6, 3, 6, 3, 6, 3, 6, 3, 6, 3, 6, 3, 63], [], [], [], [], []]",[],2
441,"('D', 'E', 'B', 'C', 'F', 'A')",[],[],[],[],[],"[[2, 3, 6, 3, 6, 3, 6, 3, 6, 3, 6, 3, 6, 3, 6, 3, 6, 3, 63], [], [], [], [], []]",2
442,"('D', 'E', 'B', 'F', 'A', 'C')",[],[],[],[],"[[2, 3, 6, 3, 6, 3, 6, 3, 6, 3, 6, 3, 6, 3, 6, 3, 6, 3, 63], [], [], [], [], []]",[],2
443,"('D', 'E', 'B', 'F', 'C', 'A')",[],[],[],[],[],"[[2, 3, 6, 3, 6, 3, 6, 3, 6, 3, 6, 3, 6, 3, 6, 3, 6, 3, 63], [], [], [], [], []]",2
444,"('D', 'E', 'C', 'A', 'B', 'F')",[],[],[],"[[2, 3, 6, 3, 6, 3, 6, 3, 6, 3, 6, 3, 6, 3, 6, 3, 6, 3, 63], [], [], [], [], []]",[],[],2
445,"('D', 'E', 'C', 'A', 'F', 'B')",[],[],[],"[[2, 3, 6, 3, 6, 3, 6, 3, 6, 3, 6, 3, 6, 3, 6, 3, 6, 3, 63], [], [], [], [], []]",[],[],2
446,"('D', 'E', 'C', 'B', 'A', 'F')",[],[],[],[],"[[2, 3, 6, 3, 6, 3, 6, 3, 6, 3, 6, 3, 6, 3, 6, 3, 6, 3, 63], [], [], [], [], []]",[],2
447,"('D', 'E', 'C', 'B', 'F', 'A')",[],[],[],[],[],"[[2, 3, 6, 3, 6, 3, 6, 3, 6, 3, 6, 3, 6, 3, 6, 3, 6, 3, 63], [], [], [], [], []]",2
448,"('D', 'E', 'C', 'F', 'A', 'B')",[],[],[],[],"[[2, 3, 6, 3, 6, 3, 6, 3, 6, 3, 6, 3, 6, 3, 6, 3, 6, 3, 63], [], [], [], [], []]",[],2
449,"('D', 'E', 'C', 'F', 'B', 'A')",[],[],[],[],[],"[[2, 3, 6, 3, 6, 3, 6, 3, 6, 3, 6, 3, 6, 3, 6, 3, 6, 3, 63], [], [], [], [], []]",2
450,"('D', 'E', 'F', 'A', 'B', 'C')",[],[],[],"[[2, 3, 6, 3, 6, 3, 6, 3, 6, 3, 6, 3, 6, 3, 6, 3, 6, 3, 63], [], [], [], [], []]",[],[],2
451,"('D', 'E', 'F', 'A', 'C', 'B')",[],[],[],"[[2, 3, 6, 3, 6, 3, 6, 3, 6, 3, 6, 3, 6, 3, 6, 3, 6, 3, 63], [], [], [], [], []]",[],[],2
452,"('D', 'E', 'F', 'B', 'A', 'C')",[],[],[],[],"[[2, 3, 6, 3, 6, 3, 6, 3, 6, 3, 6, 3, 6, 3, 6, 3, 6, 3, 63], [], [], [], [], []]",[],2
453,"('D', 'E', 'F', 'B', 'C', 'A')",[],[],[],[],[],"[[2, 3, 6, 3, 6, 3, 6, 3, 6, 3, 6, 3, 6, 3, 6, 3, 6, 3, 63], [], [], [], [], []]",2
454,"('D', 'E', 'F', 'C', 'A', 'B')",[],[],[],[],"[[2, 3, 6, 3, 6, 3, 6, 3, 6, 3, 6, 3, 6, 3, 6, 3, 6, 3, 63], [], [], [], [], []]",[],2
455,"('D', 'E', 'F', 'C', 'B', 'A')",[],[],[],[],[],"[[2, 3, 6, 3, 6, 3, 6, 3, 6, 3, 6, 3, 6, 3, 6, 3, 6, 3, 63], [], [], [], [], []]",2
456,"('D', 'F', 'A', 'B', 'C', 'E')",[],[],"[[2, 3, 6, 3, 6, 3, 6, 3, 6, 3, 6, 3, 6, 3, 6, 3, 6, 3, 63], [], [], [], [], []]",[],[],[],2
457,"('D', 'F', 'A', 'B', 'E', 'C')",[],[],"[[2, 3, 6, 3, 6, 3, 6, 3, 6, 3, 6, 3, 6, 3, 6, 3, 6, 3, 63], [], [], [], [], []]",[],[],[],2
458,"('D', 'F', 'A', 'C', 'B', 'E')",[],[],"[[2, 3, 6, 3, 6, 3, 6, 3, 6, 3, 6, 3, 6, 3, 6, 3, 6, 3, 63], [], [], [], [], []]",[],[],[],2
459,"('D', 'F', 'A', 'C', 'E', 'B')",[],[],"[[2, 3, 6, 3, 6, 3, 6, 3, 6, 3, 6, 3, 6, 3, 6, 3, 6, 3, 63], [], [], [], [], []]",[],[],[],2
460,"('D', 'F', 'A', 'E', 'B', 'C')",[],[],"[[2, 3, 6, 3, 6, 3, 6, 3, 6, 3, 6, 3, 6, 3, 6, 3, 6, 3, 63], [], [], [], [], []]",[],[],[],2
461,"('D', 'F', 'A', 'E', 'C', 'B')",[],[],"[[2, 3, 6, 3, 6, 3, 6, 3, 6, 3, 6, 3, 6, 3, 6, 3, 6, 3, 63], [], [], [], [], []]",[],[],[],2
462,"('D', 'F', 'B', 'A', 'C', 'E')",[],[],[],"[[2, 3, 6, 3, 6, 3, 6, 3, 6, 3, 6, 3, 6, 3, 6, 3, 6, 3, 63], [], [], [], [], []]",[],[],2
463,"('D', 'F', 'B', 'A', 'E', 'C')",[],[],[],"[[2, 3, 6, 3, 6, 3, 6, 3, 6, 3, 6, 3, 6, 3, 6, 3, 6, 3, 63], [], [], [], [], []]",[],[],2
464,"('D', 'F', 'B', 'C', 'A', 'E')",[],[],[],[],"[[2, 3, 6, 3, 6, 3, 6, 3, 6, 3, 6, 3, 6, 3, 6, 3, 6, 3, 63], [], [], [], [], []]",[],2
465,"('D', 'F', 'B', 'C', 'E', 'A')",[],[],[],[],[],"[[2, 3, 6, 3, 6, 3, 6, 3, 6, 3, 6, 3, 6, 3, 6, 3, 6, 3, 63], [], [], [], [], []]",2
466,"('D', 'F', 'B', 'E', 'A', 'C')",[],[],[],[],"[[2, 3, 6, 3, 6, 3, 6, 3, 6, 3, 6, 3, 6, 3, 6, 3, 6, 3, 63], [], [], [], [], []]",[],2
467,"('D', 'F', 'B', 'E', 'C', 'A')",[],[],[],[],[],"[[2, 3, 6, 3, 6, 3, 6, 3, 6, 3, 6, 3, 6, 3, 6, 3, 6, 3, 63], [], [], [], [], []]",2
468,"('D', 'F', 'C', 'A', 'B', 'E')",[],[],[],"[[2, 3, 6, 3, 6, 3, 6, 3, 6, 3, 6, 3, 6, 3, 6, 3, 6, 3, 63], [], [], [], [], []]",[],[],2
469,"('D', 'F', 'C', 'A', 'E', 'B')",[],[],[],"[[2, 3, 6, 3, 6, 3, 6, 3, 6, 3, 6, 3, 6, 3, 6, 3, 6, 3, 63], [], [], [], [], []]",[],[],2
470,"('D', 'F', 'C', 'B', 'A', 'E')",[],[],[],[],"[[2, 3, 6, 3, 6, 3, 6, 3, 6, 3, 6, 3, 6, 3, 6, 3, 6, 3, 63], [], [], [], [], []]",[],2
471,"('D', 'F', 'C', 'B', 'E', 'A')",[],[],[],[],[],"[[2, 3, 6, 3, 6, 3, 6, 3, 6, 3, 6, 3, 6, 3, 6, 3, 6, 3, 63], [], [], [], [], []]",2
472,"('D', 'F', 'C', 'E', 'A', 'B')",[],[],[],[],"[[2, 3, 6, 3, 6, 3, 6, 3, 6, 3, 6, 3, 6, 3, 6, 3, 6, 3, 63], [], [], [], [], []]",[],2
473,"('D', 'F', 'C', 'E', 'B', 'A')",[],[],[],[],[],"[[2, 3, 6, 3, 6, 3, 6, 3, 6, 3, 6, 3, 6, 3, 6, 3, 6, 3, 63], [], [], [], [], []]",2
474,"('D', 'F', 'E', 'A', 'B', 'C')",[],[],[],"[[2, 3, 6, 3, 6, 3, 6, 3, 6, 3, 6, 3, 6, 3, 6, 3, 6, 3, 63], [], [], [], [], []]",[],[],2
475,"('D', 'F', 'E', 'A', 'C', 'B')",[],[],[],"[[2, 3, 6, 3, 6, 3, 6, 3, 6, 3, 6, 3, 6, 3, 6, 3, 6, 3, 63], [], [], [], [], []]",[],[],2
476,"('D', 'F', 'E', 'B', 'A', 'C')",[],[],[],[],"[[2, 3, 6, 3, 6, 3, 6, 3, 6, 3, 6, 3, 6, 3, 6, 3, 6, 3, 63], [], [], [], [], []]",[],2
477,"('D', 'F', 'E', 'B', 'C', 'A')",[],[],[],[],[],"[[2, 3, 6, 3, 6, 3, 6, 3, 6, 3, 6, 3, 6, 3, 6, 3, 6, 3, 63], [], [], [], [], []]",2
478,"('D', 'F', 'E', 'C', 'A', 'B')",[],[],[],[],"[[2, 3, 6, 3, 6, 3, 6, 3, 6, 3, 6, 3, 6, 3, 6, 3, 6, 3, 63], [], [], [], [], []]",[],2
479,"('D', 'F', 'E', 'C', 'B', 'A')",[],[],[],[],[],"[[2, 3, 6, 3, 6, 3, 6, 3, 6, 3, 6, 3, 6, 3, 6, 3, 6, 3, 63], [], [], [], [], []]",2
480,"('E', 'A', 'B', 'C', 'D', 'F')",[],"[[2, 3, 6, 3, 6, 3, 6, 3, 6, 3, 6, 3, 6, 3, 6, 3, 6, 3, 63], [], [], [], [], []]",[],[],[],[],2
481,"('E', 'A', 'B', 'C', 'F', 'D')",[],"[[2, 3, 6, 3, 6, 3, 6, 3, 6, 3, 6, 3, 6, 3, 6, 3, 6, 3, 63], [], [], [], [], []]",[],[],[],[],2
482,"('E', 'A', 'B', 'D', 'C', 'F')",[],"[[2, 3, 6, 3, 6, 3, 6, 3, 6, 3, 6, 3, 6, 3, 6, 3, 6, 3, 63], [], [], [], [], []]",[],[],[],[],2
483,"('E', 'A', 'B', 'D', 'F', 'C')",[],"[[2, 3, 6, 3, 6, 3, 6, 3, 6, 3, 6, 3, 6, 3, 6, 3, 6, 3, 63], [], [], [], [], []]",[],[],[],[],2
484,"('E', 'A', 'B', 'F', 'C', 'D')",[],"[[2, 3, 6, 3, 6, 3, 6, 3, 6, 3, 6, 3, 6, 3, 6, 3, 6, 3, 63], [], [], [], [], []]",[],[],[],[],2
485,"('E', 'A', 'B', 'F', 'D', 'C')",[],"[[2, 3, 6, 3, 6, 3, 6, 3, 6, 3, 6, 3, 6, 3, 6, 3, 6, 3, 63], [], [], [], [], []]",[],[],[],[],2
486,"('E', 'A', 'C', 'B', 'D', 'F')",[],"[[2, 3, 6, 3, 6, 3, 6, 3, 6, 3, 6, 3, 6, 3, 6, 3, 6, 3, 63], [], [], [], [], []]",[],[],[],[],2
487,"('E', 'A', 'C', 'B', 'F', 'D')",[],"[[2, 3, 6, 3, 6, 3, 6, 3, 6, 3, 6, 3, 6, 3, 6, 3, 6, 3, 63], [], [], [], [], []]",[],[],[],[],2
488,"('E', 'A', 'C', 'D', 'B', 'F')",[],"[[2, 3, 6, 3, 6, 3, 6, 3, 6, 3, 6, 3, 6, 3, 6, 3, 6, 3, 63], [], [], [], [], []]",[],[],[],[],2
489,"('E', 'A', 'C', 'D', 'F', 'B')",[],"[[2, 3, 6, 3, 6, 3, 6, 3, 6, 3, 6, 3, 6, 3, 6, 3, 6, 3, 63], [], [], [], [], []]",[],[],[],[],2
490,"('E', 'A', 'C', 'F', 'B', 'D')",[],"[[2, 3, 6, 3, 6, 3, 6, 3, 6, 3, 6, 3, 6, 3, 6, 3, 6, 3, 63], [], [], [], [], []]",[],[],[],[],2
491,"('E', 'A', 'C', 'F', 'D', 'B')",[],"[[2, 3, 6, 3, 6, 3, 6, 3, 6, 3, 6, 3, 6, 3, 6, 3, 6, 3, 63], [], [], [], [], []]",[],[],[],[],2
492,"('E', 'A', 'D', 'B', 'C', 'F')",[],"[[2, 3, 6, 3, 6, 3, 6, 3, 6, 3, 6, 3, 6, 3, 6, 3, 6, 3, 63], [], [], [], [], []]",[],[],[],[],2
493,"('E', 'A', 'D', 'B', 'F', 'C')",[],"[[2, 3, 6, 3, 6, 3, 6, 3, 6, 3, 6, 3, 6, 3, 6, 3, 6, 3, 63], [], [], [], [], []]",[],[],[],[],2
494,"('E', 'A', 'D', 'C', 'B', 'F')",[],"[[2, 3, 6, 3, 6, 3, 6, 3, 6, 3, 6, 3, 6, 3, 6, 3, 6, 3, 63], [], [], [], [], []]",[],[],[],[],2
495,"('E', 'A', 'D', 'C', 'F', 'B')",[],"[[2, 3, 6, 3, 6, 3, 6, 3, 6, 3, 6, 3, 6, 3, 6, 3, 6, 3, 63], [], [], [], [], []]",[],[],[],[],2
496,"('E', 'A', 'D', 'F', 'B', 'C')",[],"[[2, 3, 6, 3, 6, 3, 6, 3, 6, 3, 6, 3, 6, 3, 6, 3, 6, 3, 63], [], [], [], [], []]",[],[],[],[],2
497,"('E', 'A', 'D', 'F', 'C', 'B')",[],"[[2, 3, 6, 3, 6, 3, 6, 3, 6, 3, 6, 3, 6, 3, 6, 3, 6, 3, 63], [], [], [], [], []]",[],[],[],[],2
498,"('E', 'A', 'F', 'B', 'C', 'D')",[],"[[2, 3, 6, 3, 6, 3, 6, 3, 6, 3, 6, 3, 6, 3, 6, 3, 6, 3, 63], [], [], [], [], []]",[],[],[],[],2
499,"('E', 'A', 'F', 'B', 'D', 'C')",[],"[[2, 3, 6, 3, 6, 3, 6, 3, 6, 3, 6, 3, 6, 3, 6, 3, 6, 3, 63], [], [], [], [], []]",[],[],[],[],2
500,"('E', 'A', 'F', 'C', 'B', 'D')",[],"[[2, 3, 6, 3, 6, 3, 6, 3, 6, 3, 6, 3, 6, 3, 6, 3, 6, 3, 63], [], [], [], [], []]",[],[],[],[],2
501,"('E', 'A', 'F', 'C', 'D', 'B')",[],"[[2, 3, 6, 3, 6, 3, 6, 3, 6, 3, 6, 3, 6, 3, 6, 3, 6, 3, 63], [], [], [], [], []]",[],[],[],[],2
502,"('E', 'A', 'F', 'D', 'B', 'C')",[],"[[2, 3, 6, 3, 6, 3, 6, 3, 6, 3, 6, 3, 6, 3, 6, 3, 6, 3, 63], [], [], [], [], []]",[],[],[],[],2
503,"('E', 'A', 'F', 'D', 'C', 'B')",[],"[[2, 3, 6, 3, 6, 3, 6, 3, 6, 3, 6, 3, 6, 3, 6, 3, 6, 3, 63], [], [], [], [], []]",[],[],[],[],2
504,"('E', 'B', 'A', 'C', 'D', 'F')",[],[],"[[2, 3, 6, 3, 6, 3, 6, 3, 6, 3, 6, 3, 6, 3, 6, 3, 6, 3, 63], [], [], [], [], []]",[],[],[],2
505,"('E', 'B', 'A', 'C', 'F', 'D')",[],[],"[[2, 3, 6, 3, 6, 3, 6, 3, 6, 3, 6, 3, 6, 3, 6, 3, 6, 3, 63], [], [], [], [], []]",[],[],[],2
506,"('E', 'B', 'A', 'D', 'C', 'F')",[],[],"[[2, 3, 6, 3, 6, 3, 6, 3, 6, 3, 6, 3, 6, 3, 6, 3, 6, 3, 63], [], [], [], [], []]",[],[],[],2
507,"('E', 'B', 'A', 'D', 'F', 'C')",[],[],"[[2, 3, 6, 3, 6, 3, 6, 3, 6, 3, 6, 3, 6, 3, 6, 3, 6, 3, 63], [], [], [], [], []]",[],[],[],2
508,"('E', 'B', 'A', 'F', 'C', 'D')",[],[],"[[2, 3, 6, 3, 6, 3, 6, 3, 6, 3, 6, 3, 6, 3, 6, 3, 6, 3, 63], [], [], [], [], []]",[],[],[],2
509,"('E', 'B', 'A', 'F', 'D', 'C')",[],[],"[[2, 3, 6, 3, 6, 3, 6, 3, 6, 3, 6, 3, 6, 3, 6, 3, 6, 3, 63], [], [], [], [], []]",[],[],[],2
510,"('E', 'B', 'C', 'A', 'D', 'F')",[],[],[],"[[2, 3, 6, 3, 6, 3, 6, 3, 6, 3, 6, 3, 6, 3, 6, 3, 6, 3, 63], [], [], [], [], []]",[],[],2
511,"('E', 'B', 'C', 'A', 'F', 'D')",[],[],[],"[[2, 3, 6, 3, 6, 3, 6, 3, 6, 3, 6, 3, 6, 3, 6, 3, 6, 3, 63], [], [], [], [], []]",[],[],2
512,"('E', 'B', 'C', 'D', 'A', 'F')",[],[],[],[],"[[2, 3, 6, 3, 6, 3, 6, 3, 6, 3, 6, 3, 6, 3, 6, 3, 6, 3, 63], [], [], [], [], []]",[],2
513,"('E', 'B', 'C', 'D', 'F', 'A')",[],[],[],[],[],"[[2, 3, 6, 3, 6, 3, 6, 3, 6, 3, 6, 3, 6, 3, 6, 3, 6, 3, 63], [], [], [], [], []]",2
514,"('E', 'B', 'C', 'F', 'A', 'D')",[],[],[],[],"[[2, 3, 6, 3, 6, 3, 6, 3, 6, 3, 6, 3, 6, 3, 6, 3, 6, 3, 63], [], [], [], [], []]",[],2
515,"('E', 'B', 'C', 'F', 'D', 'A')",[],[],[],[],[],"[[2, 3, 6, 3, 6, 3, 6, 3, 6, 3, 6, 3, 6, 3, 6, 3, 6, 3, 63], [], [], [], [], []]",2
516,"('E', 'B', 'D', 'A', 'C', 'F')",[],[],[],"[[2, 3, 6, 3, 6, 3, 6, 3, 6, 3, 6, 3, 6, 3, 6, 3, 6, 3, 63], [], [], [], [], []]",[],[],2
517,"('E', 'B', 'D', 'A', 'F', 'C')",[],[],[],"[[2, 3, 6, 3, 6, 3, 6, 3, 6, 3, 6, 3, 6, 3, 6, 3, 6, 3, 63], [], [], [], [], []]",[],[],2
518,"('E', 'B', 'D', 'C', 'A', 'F')",[],[],[],[],"[[2, 3, 6, 3, 6, 3, 6, 3, 6, 3, 6, 3, 6, 3, 6, 3, 6, 3, 63], [], [], [], [], []]",[],2
519,"('E', 'B', 'D', 'C', 'F', 'A')",[],[],[],[],[],"[[2, 3, 6, 3, 6, 3, 6, 3, 6, 3, 6, 3, 6, 3, 6, 3, 6, 3, 63], [], [], [], [], []]",2
520,"('E', 'B', 'D', 'F', 'A', 'C')",[],[],[],[],"[[2, 3, 6, 3, 6, 3, 6, 3, 6, 3, 6, 3, 6, 3, 6, 3, 6, 3, 63], [], [], [], [], []]",[],2
521,"('E', 'B', 'D', 'F', 'C', 'A')",[],[],[],[],[],"[[2, 3, 6, 3, 6, 3, 6, 3, 6, 3, 6, 3, 6, 3, 6, 3, 6, 3, 63], [], [], [], [], []]",2
522,"('E', 'B', 'F', 'A', 'C', 'D')",[],[],[],"[[2, 3, 6, 3, 6, 3, 6, 3, 6, 3, 6, 3, 6, 3, 6, 3, 6, 3, 63], [], [], [], [], []]",[],[],2
523,"('E', 'B', 'F', 'A', 'D', 'C')",[],[],[],"[[2, 3, 6, 3, 6, 3, 6, 3, 6, 3, 6, 3, 6, 3, 6, 3, 6, 3, 63], [], [], [], [], []]",[],[],2
524,"('E', 'B', 'F', 'C', 'A', 'D')",[],[],[],[],"[[2, 3, 6, 3, 6, 3, 6, 3, 6, 3, 6, 3, 6, 3, 6, 3, 6, 3, 63], [], [], [], [], []]",[],2
525,"('E', 'B', 'F', 'C', 'D', 'A')",[],[],[],[],[],"[[2, 3, 6, 3, 6, 3, 6, 3, 6, 3, 6, 3, 6, 3, 6, 3, 6, 3, 63], [], [], [], [], []]",2
526,"('E', 'B', 'F', 'D', 'A', 'C')",[],[],[],[],"[[2, 3, 6, 3, 6, 3, 6, 3, 6, 3, 6, 3, 6, 3, 6, 3, 6, 3, 63], [], [], [], [], []]",[],2
527,"('E', 'B', 'F', 'D', 'C', 'A')",[],[],[],[],[],"[[2, 3, 6, 3, 6, 3, 6, 3, 6, 3, 6, 3, 6, 3, 6, 3, 6, 3, 63], [], [], [], [], []]",2
528,"('E', 'C', 'A', 'B', 'D', 'F')",[],[],"[[2, 3, 6, 3, 6, 3, 6, 3, 6, 3, 6, 3, 6, 3, 6, 3, 6, 3, 63], [], [], [], [], []]",[],[],[],2
529,"('E', 'C', 'A', 'B', 'F', 'D')",[],[],"[[2, 3, 6, 3, 6, 3, 6, 3, 6, 3, 6, 3, 6, 3, 6, 3, 6, 3, 63], [], [], [], [], []]",[],[],[],2
530,"('E', 'C', 'A', 'D', 'B', 'F')",[],[],"[[2, 3, 6, 3, 6, 3, 6, 3, 6, 3, 6, 3, 6, 3, 6, 3, 6, 3, 63], [], [], [], [], []]",[],[],[],2
531,"('E', 'C', 'A', 'D', 'F', 'B')",[],[],"[[2, 3, 6, 3, 6, 3, 6, 3, 6, 3, 6, 3, 6, 3, 6, 3, 6, 3, 63], [], [], [], [], []]",[],[],[],2
532,"('E', 'C', 'A', 'F', 'B', 'D')",[],[],"[[2, 3, 6, 3, 6, 3, 6, 3, 6, 3, 6, 3, 6, 3, 6, 3, 6, 3, 63], [], [], [], [], []]",[],[],[],2
533,"('E', 'C', 'A', 'F', 'D', 'B')",[],[],"[[2, 3, 6, 3, 6, 3, 6, 3, 6, 3, 6, 3, 6, 3, 6, 3, 6, 3, 63], [], [], [], [], []]",[],[],[],2
534,"('E', 'C', 'B', 'A', 'D', 'F')",[],[],[],"[[2, 3, 6, 3, 6, 3, 6, 3, 6, 3, 6, 3, 6, 3, 6, 3, 6, 3, 63], [], [], [], [], []]",[],[],2
535,"('E', 'C', 'B', 'A', 'F', 'D')",[],[],[],"[[2, 3, 6, 3, 6, 3, 6, 3, 6, 3, 6, 3, 6, 3, 6, 3, 6, 3, 63], [], [], [], [], []]",[],[],2
536,"('E', 'C', 'B', 'D', 'A', 'F')",[],[],[],[],"[[2, 3, 6, 3, 6, 3, 6, 3, 6, 3, 6, 3, 6, 3, 6, 3, 6, 3, 63], [], [], [], [], []]",[],2
537,"('E', 'C', 'B', 'D', 'F', 'A')",[],[],[],[],[],"[[2, 3, 6, 3, 6, 3, 6, 3, 6, 3, 6, 3, 6, 3, 6, 3, 6, 3, 63], [], [], [], [], []]",2
538,"('E', 'C', 'B', 'F', 'A', 'D')",[],[],[],[],"[[2, 3, 6, 3, 6, 3, 6, 3, 6, 3, 6, 3, 6, 3, 6, 3, 6, 3, 63], [], [], [], [], []]",[],2
539,"('E', 'C', 'B', 'F', 'D', 'A')",[],[],[],[],[],"[[2, 3, 6, 3, 6, 3, 6, 3, 6, 3, 6, 3, 6, 3, 6, 3, 6, 3, 63], [], [], [], [], []]",2
540,"('E', 'C', 'D', 'A', 'B', 'F')",[],[],[],"[[2, 3, 6, 3, 6, 3, 6, 3, 6, 3, 6, 3, 6, 3, 6, 3, 6, 3, 63], [], [], [], [], []]",[],[],2
541,"('E', 'C', 'D', 'A', 'F', 'B')",[],[],[],"[[2, 3, 6, 3, 6, 3, 6, 3, 6, 3, 6, 3, 6, 3, 6, 3, 6, 3, 63], [], [], [], [], []]",[],[],2
542,"('E', 'C', 'D', 'B', 'A', 'F')",[],[],[],[],"[[2, 3, 6, 3, 6, 3, 6, 3, 6, 3, 6, 3, 6, 3, 6, 3, 6, 3, 63], [], [], [], [], []]",[],2
543,"('E', 'C', 'D', 'B', 'F', 'A')",[],[],[],[],[],"[[2, 3, 6, 3, 6, 3, 6, 3, 6, 3, 6, 3, 6, 3, 6, 3, 6, 3, 63], [], [], [], [], []]",2
544,"('E', 'C', 'D', 'F', 'A', 'B')",[],[],[],[],"[[2, 3, 6, 3, 6, 3, 6, 3, 6, 3, 6, 3, 6, 3, 6, 3, 6, 3, 63], [], [], [], [], []]",[],2
545,"('E', 'C', 'D', 'F', 'B', 'A')",[],[],[],[],[],"[[2, 3, 6, 3, 6, 3, 6, 3, 6, 3, 6, 3, 6, 3, 6, 3, 6, 3, 63], [], [], [], [], []]",2
546,"('E', 'C', 'F', 'A', 'B', 'D')",[],[],[],"[[2, 3, 6, 3, 6, 3, 6, 3, 6, 3, 6, 3, 6, 3, 6, 3, 6, 3, 63], [], [], [], [], []]",[],[],2
547,"('E', 'C', 'F', 'A', 'D', 'B')",[],[],[],"[[2, 3, 6, 3, 6, 3, 6, 3, 6, 3, 6, 3, 6, 3, 6, 3, 6, 3, 63], [], [], [], [], []]",[],[],2
548,"('E', 'C', 'F', 'B', 'A', 'D')",[],[],[],[],"[[2, 3, 6, 3, 6, 3, 6, 3, 6, 3, 6, 3, 6, 3, 6, 3, 6, 3, 63], [], [], [], [], []]",[],2
549,"('E', 'C', 'F', 'B', 'D', 'A')",[],[],[],[],[],"[[2, 3, 6, 3, 6, 3, 6, 3, 6, 3, 6, 3, 6, 3, 6, 3, 6, 3, 63], [], [], [], [], []]",2
550,"('E', 'C', 'F', 'D', 'A', 'B')",[],[],[],[],"[[2, 3, 6, 3, 6, 3, 6, 3, 6, 3, 6, 3, 6, 3, 6, 3, 6, 3, 63], [], [], [], [], []]",[],2
551,"('E', 'C', 'F', 'D', 'B', 'A')",[],[],[],[],[],"[[2, 3, 6, 3, 6, 3, 6, 3, 6, 3, 6, 3, 6, 3, 6, 3, 6, 3, 63], [], [], [], [], []]",2
552,"('E', 'D', 'A', 'B', 'C', 'F')",[],[],"[[2, 3, 6, 3, 6, 3, 6, 3, 6, 3, 6, 3, 6, 3, 6, 3, 6, 3, 63], [], [], [], [], []]",[],[],[],2
553,"('E', 'D', 'A', 'B', 'F', 'C')",[],[],"[[2, 3, 6, 3, 6, 3, 6, 3, 6, 3, 6, 3, 6, 3, 6, 3, 6, 3, 63], [], [], [], [], []]",[],[],[],2
554,"('E', 'D', 'A', 'C', 'B', 'F')",[],[],"[[2, 3, 6, 3, 6, 3, 6, 3, 6, 3, 6, 3, 6, 3, 6, 3, 6, 3, 63], [], [], [], [], []]",[],[],[],2
555,"('E', 'D', 'A', 'C', 'F', 'B')",[],[],"[[2, 3, 6, 3, 6, 3, 6, 3, 6, 3, 6, 3, 6, 3, 6, 3, 6, 3, 63], [], [], [], [], []]",[],[],[],2
556,"('E', 'D', 'A', 'F', 'B', 'C')",[],[],"[[2, 3, 6, 3, 6, 3, 6, 3, 6, 3, 6, 3, 6, 3, 6, 3, 6, 3, 63], [], [], [], [], []]",[],[],[],2
557,"('E', 'D', 'A', 'F', 'C', 'B')",[],[],"[[2, 3, 6, 3, 6, 3, 6, 3, 6, 3, 6, 3, 6, 3, 6, 3, 6, 3, 63], [], [], [], [], []]",[],[],[],2
558,"('E', 'D', 'B', 'A', 'C', 'F')",[],[],[],"[[2, 3, 6, 3, 6, 3, 6, 3, 6, 3, 6, 3, 6, 3, 6, 3, 6, 3, 63], [], [], [], [], []]",[],[],2
559,"('E', 'D', 'B', 'A', 'F', 'C')",[],[],[],"[[2, 3, 6, 3, 6, 3, 6, 3, 6, 3, 6, 3, 6, 3, 6, 3, 6, 3, 63], [], [], [], [], []]",[],[],2
560,"('E', 'D', 'B', 'C', 'A', 'F')",[],[],[],[],"[[2, 3, 6, 3, 6, 3, 6, 3, 6, 3, 6, 3, 6, 3, 6, 3, 6, 3, 63], [], [], [], [], []]",[],2
561,"('E', 'D', 'B', 'C', 'F', 'A')",[],[],[],[],[],"[[2, 3, 6, 3, 6, 3, 6, 3, 6, 3, 6, 3, 6, 3, 6, 3, 6, 3, 63], [], [], [], [], []]",2
562,"('E', 'D', 'B', 'F', 'A', 'C')",[],[],[],[],"[[2, 3, 6, 3, 6, 3, 6, 3, 6, 3, 6, 3, 6, 3, 6, 3, 6, 3, 63], [], [], [], [], []]",[],2
563,"('E', 'D', 'B', 'F', 'C', 'A')",[],[],[],[],[],"[[2, 3, 6, 3, 6, 3, 6, 3, 6, 3, 6, 3, 6, 3, 6, 3, 6, 3, 63], [], [], [], [], []]",2
564,"('E', 'D', 'C', 'A', 'B', 'F')",[],[],[],"[[2, 3, 6, 3, 6, 3, 6, 3, 6, 3, 6, 3, 6, 3, 6, 3, 6, 3, 63], [], [], [], [], []]",[],[],2
565,"('E', 'D', 'C', 'A', 'F', 'B')",[],[],[],"[[2, 3, 6, 3, 6, 3, 6, 3, 6, 3, 6, 3, 6, 3, 6, 3, 6, 3, 63], [], [], [], [], []]",[],[],2
566,"('E', 'D', 'C', 'B', 'A', 'F')",[],[],[],[],"[[2, 3, 6, 3, 6, 3, 6, 3, 6, 3, 6, 3, 6, 3, 6, 3, 6, 3, 63], [], [], [], [], []]",[],2
567,"('E', 'D', 'C', 'B', 'F', 'A')",[],[],[],[],[],"[[2, 3, 6, 3, 6, 3, 6, 3, 6, 3, 6, 3, 6, 3, 6, 3, 6, 3, 63], [], [], [], [], []]",2
568,"('E', 'D', 'C', 'F', 'A', 'B')",[],[],[],[],"[[2, 3, 6, 3, 6, 3, 6, 3, 6, 3, 6, 3, 6, 3, 6, 3, 6, 3, 63], [], [], [], [], []]",[],2
569,"('E', 'D', 'C', 'F', 'B', 'A')",[],[],[],[],[],"[[2, 3, 6, 3, 6, 3, 6, 3, 6, 3, 6, 3, 6, 3, 6, 3, 6, 3, 63], [], [], [], [], []]",2
570,"('E', 'D', 'F', 'A', 'B', 'C')",[],[],[],"[[2, 3, 6, 3, 6, 3, 6, 3, 6, 3, 6, 3, 6, 3, 6, 3, 6, 3, 63], [], [], [], [], []]",[],[],2
571,"('E', 'D', 'F', 'A', 'C', 'B')",[],[],[],"[[2, 3, 6, 3, 6, 3, 6, 3, 6, 3, 6, 3, 6, 3, 6, 3, 6, 3, 63], [], [], [], [], []]",[],[],2
572,"('E', 'D', 'F', 'B', 'A', 'C')",[],[],[],[],"[[2, 3, 6, 3, 6, 3, 6, 3, 6, 3, 6, 3, 6, 3, 6, 3, 6, 3, 63], [], [], [], [], []]",[],2
573,"('E', 'D', 'F', 'B', 'C', 'A')",[],[],[],[],[],"[[2, 3, 6, 3, 6, 3, 6, 3, 6, 3, 6, 3, 6, 3, 6, 3, 6, 3, 63], [], [], [], [], []]",2
574,"('E', 'D', 'F', 'C', 'A', 'B')",[],[],[],[],"[[2, 3, 6, 3, 6, 3, 6, 3, 6, 3, 6, 3, 6, 3, 6, 3, 6, 3, 63], [], [], [], [], []]",[],2
575,"('E', 'D', 'F', 'C', 'B', 'A')",[],[],[],[],[],"[[2, 3, 6, 3, 6, 3, 6, 3, 6, 3, 6, 3, 6, 3, 6, 3, 6, 3, 63], [], [], [], [], []]",2
576,"('E', 'F', 'A', 'B', 'C', 'D')",[],[],"[[2, 3, 6, 3, 6, 3, 6, 3, 6, 3, 6, 3, 6, 3, 6, 3, 6, 3, 63], [], [], [], [], []]",[],[],[],2
577,"('E', 'F', 'A', 'B', 'D', 'C')",[],[],"[[2, 3, 6, 3, 6, 3, 6, 3, 6, 3, 6, 3, 6, 3, 6, 3, 6, 3, 63], [], [], [], [], []]",[],[],[],2
578,"('E', 'F', 'A', 'C', 'B', 'D')",[],[],"[[2, 3, 6, 3, 6, 3, 6, 3, 6, 3, 6, 3, 6, 3, 6, 3, 6, 3, 63], [], [], [], [], []]",[],[],[],2
579,"('E', 'F', 'A', 'C', 'D', 'B')",[],[],"[[2, 3, 6, 3, 6, 3, 6, 3, 6, 3, 6, 3, 6, 3, 6, 3, 6, 3, 63], [], [], [], [], []]",[],[],[],2
580,"('E', 'F', 'A', 'D', 'B', 'C')",[],[],"[[2, 3, 6, 3, 6, 3, 6, 3, 6, 3, 6, 3, 6, 3, 6, 3, 6, 3, 63], [], [], [], [], []]",[],[],[],2
581,"('E', 'F', 'A', 'D', 'C', 'B')",[],[],"[[2, 3, 6, 3, 6, 3, 6, 3, 6, 3, 6, 3, 6, 3, 6, 3, 6, 3, 63], [], [], [], [], []]",[],[],[],2
582,"('E', 'F', 'B', 'A', 'C', 'D')",[],[],[],"[[2, 3, 6, 3, 6, 3, 6, 3, 6, 3, 6, 3, 6, 3, 6, 3, 6, 3, 63], [], [], [], [], []]",[],[],2
583,"('E', 'F', 'B', 'A', 'D', 'C')",[],[],[],"[[2, 3, 6, 3, 6, 3, 6, 3, 6, 3, 6, 3, 6, 3, 6, 3, 6, 3, 63], [], [], [], [], []]",[],[],2
584,"('E', 'F', 'B', 'C', 'A', 'D')",[],[],[],[],"[[2, 3, 6, 3, 6, 3, 6, 3, 6, 3, 6, 3, 6, 3, 6, 3, 6, 3, 63], [], [], [], [], []]",[],2
585,"('E', 'F', 'B', 'C', 'D', 'A')",[],[],[],[],[],"[[2, 3, 6, 3, 6, 3, 6, 3, 6, 3, 6, 3, 6, 3, 6, 3, 6, 3, 63], [], [], [], [], []]",2
586,"('E', 'F', 'B', 'D', 'A', 'C')",[],[],[],[],"[[2, 3, 6, 3, 6, 3, 6, 3, 6, 3, 6, 3, 6, 3, 6, 3, 6, 3, 63], [], [], [], [], []]",[],2
587,"('E', 'F', 'B', 'D', 'C', 'A')",[],[],[],[],[],"[[2, 3, 6, 3, 6, 3, 6, 3, 6, 3, 6, 3, 6, 3, 6, 3, 6, 3, 63], [], [], [], [], []]",2
588,"('E', 'F', 'C', 'A', 'B', 'D')",[],[],[],"[[2, 3, 6, 3, 6, 3, 6, 3, 6, 3, 6, 3, 6, 3, 6, 3, 6, 3, 63], [], [], [], [], []]",[],[],2
589,"('E', 'F', 'C', 'A', 'D', 'B')",[],[],[],"[[2, 3, 6, 3, 6, 3, 6, 3, 6, 3, 6, 3, 6, 3, 6, 3, 6, 3, 63], [], [], [], [], []]",[],[],2
590,"('E', 'F', 'C', 'B', 'A', 'D')",[],[],[],[],"[[2, 3, 6, 3, 6, 3, 6, 3, 6, 3, 6, 3, 6, 3, 6, 3, 6, 3, 63], [], [], [], [], []]",[],2
591,"('E', 'F', 'C', 'B', 'D', 'A')",[],[],[],[],[],"[[2, 3, 6, 3, 6, 3, 6, 3, 6, 3, 6, 3, 6, 3, 6, 3, 6, 3, 63], [], [], [], [], []]",2
592,"('E', 'F', 'C', 'D', 'A', 'B')",[],[],[],[],"[[2, 3, 6, 3, 6, 3, 6, 3, 6, 3, 6, 3, 6, 3, 6, 3, 6, 3, 63], [], [], [], [], []]",[],2
593,"('E', 'F', 'C', 'D', 'B', 'A')",[],[],[],[],[],"[[2, 3, 6, 3, 6, 3, 6, 3, 6, 3, 6, 3, 6, 3, 6, 3, 6, 3, 63], [], [], [], [], []]",2
594,"('E', 'F', 'D', 'A', 'B', 'C')",[],[],[],"[[2, 3, 6, 3, 6, 3, 6, 3, 6, 3, 6, 3, 6, 3, 6, 3, 6, 3, 63], [], [], [], [], []]",[],[],2
595,"('E', 'F', 'D', 'A', 'C', 'B')",[],[],[],"[[2, 3, 6, 3, 6, 3, 6, 3, 6, 3, 6, 3, 6, 3, 6, 3, 6, 3, 63], [], [], [], [], []]",[],[],2
596,"('E', 'F', 'D', 'B', 'A', 'C')",[],[],[],[],"[[2, 3, 6, 3, 6, 3, 6, 3, 6, 3, 6, 3, 6, 3, 6, 3, 6, 3, 63], [], [], [], [], []]",[],2
597,"('E', 'F', 'D', 'B', 'C', 'A')",[],[],[],[],[],"[[2, 3, 6, 3, 6, 3, 6, 3, 6, 3, 6, 3, 6, 3, 6, 3, 6, 3, 63], [], [], [], [], []]",2
598,"('E', 'F', 'D', 'C', 'A', 'B')",[],[],[],[],"[[2, 3, 6, 3, 6, 3, 6, 3, 6, 3, 6, 3, 6, 3, 6, 3, 6, 3, 63], [], [], [], [], []]",[],2
599,"('E', 'F', 'D', 'C', 'B', 'A')",[],[],[],[],[],"[[2, 3, 6, 3, 6, 3, 6, 3, 6, 3, 6, 3, 6, 3, 6, 3, 6, 3, 63], [], [], [], [], []]",2
600,"('F', 'A', 'B', 'C', 'D', 'E')",[],"[[2, 3, 6, 3, 6, 3, 6, 3, 6, 3, 6, 3, 6, 3, 6, 3, 6, 3, 63], [], [], [], [], []]",[],[],[],[],2
601,"('F', 'A', 'B', 'C', 'E', 'D')",[],"[[2, 3, 6, 3, 6, 3, 6, 3, 6, 3, 6, 3, 6, 3, 6, 3, 6, 3, 63], [], [], [], [], []]",[],[],[],[],2
602,"('F', 'A', 'B', 'D', 'C', 'E')",[],"[[2, 3, 6, 3, 6, 3, 6, 3, 6, 3, 6, 3, 6, 3, 6, 3, 6, 3, 63], [], [], [], [], []]",[],[],[],[],2
603,"('F', 'A', 'B', 'D', 'E', 'C')",[],"[[2, 3, 6, 3, 6, 3, 6, 3, 6, 3, 6, 3, 6, 3, 6, 3, 6, 3, 63], [], [], [], [], []]",[],[],[],[],2
604,"('F', 'A', 'B', 'E', 'C', 'D')",[],"[[2, 3, 6, 3, 6, 3, 6, 3, 6, 3, 6, 3, 6, 3, 6, 3, 6, 3, 63], [], [], [], [], []]",[],[],[],[],2
605,"('F', 'A', 'B', 'E', 'D', 'C')",[],"[[2, 3, 6, 3, 6, 3, 6, 3, 6, 3, 6, 3, 6, 3, 6, 3, 6, 3, 63], [], [], [], [], []]",[],[],[],[],2
606,"('F', 'A', 'C', 'B', 'D', 'E')",[],"[[2, 3, 6, 3, 6, 3, 6, 3, 6, 3, 6, 3, 6, 3, 6, 3, 6, 3, 63], [], [], [], [], []]",[],[],[],[],2
607,"('F', 'A', 'C', 'B', 'E', 'D')",[],"[[2, 3, 6, 3, 6, 3, 6, 3, 6, 3, 6, 3, 6, 3, 6, 3, 6, 3, 63], [], [], [], [], []]",[],[],[],[],2
608,"('F', 'A', 'C', 'D', 'B', 'E')",[],"[[2, 3, 6, 3, 6, 3, 6, 3, 6, 3, 6, 3, 6, 3, 6, 3, 6, 3, 63], [], [], [], [], []]",[],[],[],[],2
609,"('F', 'A', 'C', 'D', 'E', 'B')",[],"[[2, 3, 6, 3, 6, 3, 6, 3, 6, 3, 6, 3, 6, 3, 6, 3, 6, 3, 63], [], [], [], [], []]",[],[],[],[],2
610,"('F', 'A', 'C', 'E', 'B', 'D')",[],"[[2, 3, 6, 3, 6, 3, 6, 3, 6, 3, 6, 3, 6, 3, 6, 3, 6, 3, 63], [], [], [], [], []]",[],[],[],[],2
611,"('F', 'A', 'C', 'E', 'D', 'B')",[],"[[2, 3, 6, 3, 6, 3, 6, 3, 6, 3, 6, 3, 6, 3, 6, 3, 6, 3, 63], [], [], [], [], []]",[],[],[],[],2
612,"('F', 'A', 'D', 'B', 'C', 'E')",[],"[[2, 3, 6, 3, 6, 3, 6, 3, 6, 3, 6, 3, 6, 3, 6, 3, 6, 3, 63], [], [], [], [], []]",[],[],[],[],2
613,"('F', 'A', 'D', 'B', 'E', 'C')",[],"[[2, 3, 6, 3, 6, 3, 6, 3, 6, 3, 6, 3, 6, 3, 6, 3, 6, 3, 63], [], [], [], [], []]",[],[],[],[],2
614,"('F', 'A', 'D', 'C', 'B', 'E')",[],"[[2, 3, 6, 3, 6, 3, 6, 3, 6, 3, 6, 3, 6, 3, 6, 3, 6, 3, 63], [], [], [], [], []]",[],[],[],[],2
615,"('F', 'A', 'D', 'C', 'E', 'B')",[],"[[2, 3, 6, 3, 6, 3, 6, 3, 6, 3, 6, 3, 6, 3, 6, 3, 6, 3, 63], [], [], [], [], []]",[],[],[],[],2
616,"('F', 'A', 'D', 'E', 'B', 'C')",[],"[[2, 3, 6, 3, 6, 3, 6, 3, 6, 3, 6, 3, 6, 3, 6, 3, 6, 3, 63], [], [], [], [], []]",[],[],[],[],2
617,"('F', 'A', 'D', 'E', 'C', 'B')",[],"[[2, 3, 6, 3, 6, 3, 6, 3, 6, 3, 6, 3, 6, 3, 6, 3, 6, 3, 63], [], [], [], [], []]",[],[],[],[],2
618,"('F', 'A', 'E', 'B', 'C', 'D')",[],"[[2, 3, 6, 3, 6, 3, 6, 3, 6, 3, 6, 3, 6, 3, 6, 3, 6, 3, 63], [], [], [], [], []]",[],[],[],[],2
619,"('F', 'A', 'E', 'B', 'D', 'C')",[],"[[2, 3, 6, 3, 6, 3, 6, 3, 6, 3, 6, 3, 6, 3, 6, 3, 6, 3, 63], [], [], [], [], []]",[],[],[],[],2
620,"('F', 'A', 'E', 'C', 'B', 'D')",[],"[[2, 3, 6, 3, 6, 3, 6, 3, 6, 3, 6, 3, 6, 3, 6, 3, 6, 3, 63], [], [], [], [], []]",[],[],[],[],2
621,"('F', 'A', 'E', 'C', 'D', 'B')",[],"[[2, 3, 6, 3, 6, 3, 6, 3, 6, 3, 6, 3, 6, 3, 6, 3, 6, 3, 63], [], [], [], [], []]",[],[],[],[],2
622,"('F', 'A', 'E', 'D', 'B', 'C')",[],"[[2, 3, 6, 3, 6, 3, 6, 3, 6, 3, 6, 3, 6, 3, 6, 3, 6, 3, 63], [], [], [], [], []]",[],[],[],[],2
623,"('F', 'A', 'E', 'D', 'C', 'B')",[],"[[2, 3, 6, 3, 6, 3, 6, 3, 6, 3, 6, 3, 6, 3, 6, 3, 6, 3, 63], [], [], [], [], []]",[],[],[],[],2
624,"('F', 'B', 'A', 'C', 'D', 'E')",[],[],"[[2, 3, 6, 3, 6, 3, 6, 3, 6, 3, 6, 3, 6, 3, 6, 3, 6, 3, 63], [], [], [], [], []]",[],[],[],2
625,"('F', 'B', 'A', 'C', 'E', 'D')",[],[],"[[2, 3, 6, 3, 6, 3, 6, 3, 6, 3, 6, 3, 6, 3, 6, 3, 6, 3, 63], [], [], [], [], []]",[],[],[],2
626,"('F', 'B', 'A', 'D', 'C', 'E')",[],[],"[[2, 3, 6, 3, 6, 3, 6, 3, 6, 3, 6, 3, 6, 3, 6, 3, 6, 3, 63], [], [], [], [], []]",[],[],[],2
627,"('F', 'B', 'A', 'D', 'E', 'C')",[],[],"[[2, 3, 6, 3, 6, 3, 6, 3, 6, 3, 6, 3, 6, 3, 6, 3, 6, 3, 63], [], [], [], [], []]",[],[],[],2
628,"('F', 'B', 'A', 'E', 'C', 'D')",[],[],"[[2, 3, 6, 3, 6, 3, 6, 3, 6, 3, 6, 3, 6, 3, 6, 3, 6, 3, 63], [], [], [], [], []]",[],[],[],2
629,"('F', 'B', 'A', 'E', 'D', 'C')",[],[],"[[2, 3, 6, 3, 6, 3, 6, 3, 6, 3, 6, 3, 6, 3, 6, 3, 6, 3, 63], [], [], [], [], []]",[],[],[],2
630,"('F', 'B', 'C', 'A', 'D', 'E')",[],[],[],"[[2, 3, 6, 3, 6, 3, 6, 3, 6, 3, 6, 3, 6, 3, 6, 3, 6, 3, 63], [], [], [], [], []]",[],[],2
631,"('F', 'B', 'C', 'A', 'E', 'D')",[],[],[],"[[2, 3, 6, 3, 6, 3, 6, 3, 6, 3, 6, 3, 6, 3, 6, 3, 6, 3, 63], [], [], [], [], []]",[],[],2
632,"('F', 'B', 'C', 'D', 'A', 'E')",[],[],[],[],"[[2, 3, 6, 3, 6, 3, 6, 3, 6, 3, 6, 3, 6, 3, 6, 3, 6, 3, 63], [], [], [], [], []]",[],2
633,"('F', 'B', 'C', 'D', 'E', 'A')",[],[],[],[],[],"[[2, 3, 6, 3, 6, 3, 6, 3, 6, 3, 6, 3, 6, 3, 6, 3, 6, 3, 63], [], [], [], [], []]",2
634,"('F', 'B', 'C', 'E', 'A', 'D')",[],[],[],[],"[[2, 3, 6, 3, 6, 3, 6, 3, 6, 3, 6, 3, 6, 3, 6, 3, 6, 3, 63], [], [], [], [], []]",[],2
635,"('F', 'B', 'C', 'E', 'D', 'A')",[],[],[],[],[],"[[2, 3, 6, 3, 6, 3, 6, 3, 6, 3, 6, 3, 6, 3, 6, 3, 6, 3, 63], [], [], [], [], []]",2
636,"('F', 'B', 'D', 'A', 'C', 'E')",[],[],[],"[[2, 3, 6, 3, 6, 3, 6, 3, 6, 3, 6, 3, 6, 3, 6, 3, 6, 3, 63], [], [], [], [], []]",[],[],2
637,"('F', 'B', 'D', 'A', 'E', 'C')",[],[],[],"[[2, 3, 6, 3, 6, 3, 6, 3, 6, 3, 6, 3, 6, 3, 6, 3, 6, 3, 63], [], [], [], [], []]",[],[],2
638,"('F', 'B', 'D', 'C', 'A', 'E')",[],[],[],[],"[[2, 3, 6, 3, 6, 3, 6, 3, 6, 3, 6, 3, 6, 3, 6, 3, 6, 3, 63], [], [], [], [], []]",[],2
639,"('F', 'B', 'D', 'C', 'E', 'A')",[],[],[],[],[],"[[2, 3, 6, 3, 6, 3, 6, 3, 6, 3, 6, 3, 6, 3, 6, 3, 6, 3, 63], [], [], [], [], []]",2
640,"('F', 'B', 'D', 'E', 'A', 'C')",[],[],[],[],"[[2, 3, 6, 3, 6, 3, 6, 3, 6, 3, 6, 3, 6, 3, 6, 3, 6, 3, 63], [], [], [], [], []]",[],2
641,"('F', 'B', 'D', 'E', 'C', 'A')",[],[],[],[],[],"[[2, 3, 6, 3, 6, 3, 6, 3, 6, 3, 6, 3, 6, 3, 6, 3, 6, 3, 63], [], [], [], [], []]",2
642,"('F', 'B', 'E', 'A', 'C', 'D')",[],[],[],"[[2, 3, 6, 3, 6, 3, 6, 3, 6, 3, 6, 3, 6, 3, 6, 3, 6, 3, 63], [], [], [], [], []]",[],[],2
643,"('F', 'B', 'E', 'A', 'D', 'C')",[],[],[],"[[2, 3, 6, 3, 6, 3, 6, 3, 6, 3, 6, 3, 6, 3, 6, 3, 6, 3, 63], [], [], [], [], []]",[],[],2
644,"('F', 'B', 'E', 'C', 'A', 'D')",[],[],[],[],"[[2, 3, 6, 3, 6, 3, 6, 3, 6, 3, 6, 3, 6, 3, 6, 3, 6, 3, 63], [], [], [], [], []]",[],2
645,"('F', 'B', 'E', 'C', 'D', 'A')",[],[],[],[],[],"[[2, 3, 6, 3, 6, 3, 6, 3, 6, 3, 6, 3, 6, 3, 6, 3, 6, 3, 63], [], [], [], [], []]",2
646,"('F', 'B', 'E', 'D', 'A', 'C')",[],[],[],[],"[[2, 3, 6, 3, 6, 3, 6, 3, 6, 3, 6, 3, 6, 3, 6, 3, 6, 3, 63], [], [], [], [], []]",[],2
647,"('F', 'B', 'E', 'D', 'C', 'A')",[],[],[],[],[],"[[2, 3, 6, 3, 6, 3, 6, 3, 6, 3, 6, 3, 6, 3, 6, 3, 6, 3, 63], [], [], [], [], []]",2
648,"('F', 'C', 'A', 'B', 'D', 'E')",[],[],"[[2, 3, 6, 3, 6, 3, 6, 3, 6, 3, 6, 3, 6, 3, 6, 3, 6, 3, 63], [], [], [], [], []]",[],[],[],2
649,"('F', 'C', 'A', 'B', 'E', 'D')",[],[],"[[2, 3, 6, 3, 6, 3, 6, 3, 6, 3, 6, 3, 6, 3, 6, 3, 6, 3, 63], [], [], [], [], []]",[],[],[],2
650,"('F', 'C', 'A', 'D', 'B', 'E')",[],[],"[[2, 3, 6, 3, 6, 3, 6, 3, 6, 3, 6, 3, 6, 3, 6, 3, 6, 3, 63], [], [], [], [], []]",[],[],[],2
651,"('F', 'C', 'A', 'D', 'E', 'B')",[],[],"[[2, 3, 6, 3, 6, 3, 6, 3, 6, 3, 6, 3, 6, 3, 6, 3, 6, 3, 63], [], [], [], [], []]",[],[],[],2
652,"('F', 'C', 'A', 'E', 'B', 'D')",[],[],"[[2, 3, 6, 3, 6, 3, 6, 3, 6, 3, 6, 3, 6, 3, 6, 3, 6, 3, 63], [], [], [], [], []]",[],[],[],2
653,"('F', 'C', 'A', 'E', 'D', 'B')",[],[],"[[2, 3, 6, 3, 6, 3, 6, 3, 6, 3, 6, 3, 6, 3, 6, 3, 6, 3, 63], [], [], [], [], []]",[],[],[],2
654,"('F', 'C', 'B', 'A', 'D', 'E')",[],[],[],"[[2, 3, 6, 3, 6, 3, 6, 3, 6, 3, 6, 3, 6, 3, 6, 3, 6, 3, 63], [], [], [], [], []]",[],[],2
655,"('F', 'C', 'B', 'A', 'E', 'D')",[],[],[],"[[2, 3, 6, 3, 6, 3, 6, 3, 6, 3, 6, 3, 6, 3, 6, 3, 6, 3, 63], [], [], [], [], []]",[],[],2
656,"('F', 'C', 'B', 'D', 'A', 'E')",[],[],[],[],"[[2, 3, 6, 3, 6, 3, 6, 3, 6, 3, 6, 3, 6, 3, 6, 3, 6, 3, 63], [], [], [], [], []]",[],2
657,"('F', 'C', 'B', 'D', 'E', 'A')",[],[],[],[],[],"[[2, 3, 6, 3, 6, 3, 6, 3, 6, 3, 6, 3, 6, 3, 6, 3, 6, 3, 63], [], [], [], [], []]",2
658,"('F', 'C', 'B', 'E', 'A', 'D')",[],[],[],[],"[[2, 3, 6, 3, 6, 3, 6, 3, 6, 3, 6, 3, 6, 3, 6, 3, 6, 3, 63], [], [], [], [], []]",[],2
659,"('F', 'C', 'B', 'E', 'D', 'A')",[],[],[],[],[],"[[2, 3, 6, 3, 6, 3, 6, 3, 6, 3, 6, 3, 6, 3, 6, 3, 6, 3, 63], [], [], [], [], []]",2
660,"('F', 'C', 'D', 'A', 'B', 'E')",[],[],[],"[[2, 3, 6, 3, 6, 3, 6, 3, 6, 3, 6, 3, 6, 3, 6, 3, 6, 3, 63], [], [], [], [], []]",[],[],2
661,"('F', 'C', 'D', 'A', 'E', 'B')",[],[],[],"[[2, 3, 6, 3, 6, 3, 6, 3, 6, 3, 6, 3, 6, 3, 6, 3, 6, 3, 63], [], [], [], [], []]",[],[],2
662,"('F', 'C', 'D', 'B', 'A', 'E')",[],[],[],[],"[[2, 3, 6, 3, 6, 3, 6, 3, 6, 3, 6, 3, 6, 3, 6, 3, 6, 3, 63], [], [], [], [], []]",[],2
663,"('F', 'C', 'D', 'B', 'E', 'A')",[],[],[],[],[],"[[2, 3, 6, 3, 6, 3, 6, 3, 6, 3, 6, 3, 6, 3, 6, 3, 6, 3, 63], [], [], [], [], []]",2
664,"('F', 'C', 'D', 'E', 'A', 'B')",[],[],[],[],"[[2, 3, 6, 3, 6, 3, 6, 3, 6, 3, 6, 3, 6, 3, 6, 3, 6, 3, 63], [], [], [], [], []]",[],2
665,"('F', 'C', 'D', 'E', 'B', 'A')",[],[],[],[],[],"[[2, 3, 6, 3, 6, 3, 6, 3, 6, 3, 6, 3, 6, 3, 6, 3, 6, 3, 63], [], [], [], [], []]",2
666,"('F', 'C', 'E', 'A', 'B', 'D')",[],[],[],"[[2, 3, 6, 3, 6, 3, 6, 3, 6, 3, 6, 3, 6, 3, 6, 3, 6, 3, 63], [], [], [], [], []]",[],[],2
667,"('F', 'C', 'E', 'A', 'D', 'B')",[],[],[],"[[2, 3, 6, 3, 6, 3, 6, 3, 6, 3, 6, 3, 6, 3, 6, 3, 6, 3, 63], [], [], [], [], []]",[],[],2
668,"('F', 'C', 'E', 'B', 'A', 'D')",[],[],[],[],"[[2, 3, 6, 3, 6, 3, 6, 3, 6, 3, 6, 3, 6, 3, 6, 3, 6, 3, 63], [], [], [], [], []]",[],2
669,"('F', 'C', 'E', 'B', 'D', 'A')",[],[],[],[],[],"[[2, 3, 6, 3, 6, 3, 6, 3, 6, 3, 6, 3, 6, 3, 6, 3, 6, 3, 63], [], [], [], [], []]",2
670,"('F', 'C', 'E', 'D', 'A', 'B')",[],[],[],[],"[[2, 3, 6, 3, 6, 3, 6, 3, 6, 3, 6, 3, 6, 3, 6, 3, 6, 3, 63], [], [], [], [], []]",[],2
671,"('F', 'C', 'E', 'D', 'B', 'A')",[],[],[],[],[],"[[2, 3, 6, 3, 6, 3, 6, 3, 6, 3, 6, 3, 6, 3, 6, 3, 6, 3, 63], [], [], [], [], []]",2
672,"('F', 'D', 'A', 'B', 'C', 'E')",[],[],"[[2, 3, 6, 3, 6, 3, 6, 3, 6, 3, 6, 3, 6, 3, 6, 3, 6, 3, 63], [], [], [], [], []]",[],[],[],2
673,"('F', 'D', 'A', 'B', 'E', 'C')",[],[],"[[2, 3, 6, 3, 6, 3, 6, 3, 6, 3, 6, 3, 6, 3, 6, 3, 6, 3, 63], [], [], [], [], []]",[],[],[],2
674,"('F', 'D', 'A', 'C', 'B', 'E')",[],[],"[[2, 3, 6, 3, 6, 3, 6, 3, 6, 3, 6, 3, 6, 3, 6, 3, 6, 3, 63], [], [], [], [], []]",[],[],[],2
675,"('F', 'D', 'A', 'C', 'E', 'B')",[],[],"[[2, 3, 6, 3, 6, 3, 6, 3, 6, 3, 6, 3, 6, 3, 6, 3, 6, 3, 63], [], [], [], [], []]",[],[],[],2
676,"('F', 'D', 'A', 'E', 'B', 'C')",[],[],"[[2, 3, 6, 3, 6, 3, 6, 3, 6, 3, 6, 3, 6, 3, 6, 3, 6, 3, 63], [], [], [], [], []]",[],[],[],2
677,"('F', 'D', 'A', 'E', 'C', 'B')",[],[],"[[2, 3, 6, 3, 6, 3, 6, 3, 6, 3, 6, 3, 6, 3, 6, 3, 6, 3, 63], [], [], [], [], []]",[],[],[],2
678,"('F', 'D', 'B', 'A', 'C', 'E')",[],[],[],"[[2, 3, 6, 3, 6, 3, 6, 3, 6, 3, 6, 3, 6, 3, 6, 3, 6, 3, 63], [], [], [], [], []]",[],[],2
679,"('F', 'D', 'B', 'A', 'E', 'C')",[],[],[],"[[2, 3, 6, 3, 6, 3, 6, 3, 6, 3, 6, 3, 6, 3, 6, 3, 6, 3, 63], [], [], [], [], []]",[],[],2
680,"('F', 'D', 'B', 'C', 'A', 'E')",[],[],[],[],"[[2, 3, 6, 3, 6, 3, 6, 3, 6, 3, 6, 3, 6, 3, 6, 3, 6, 3, 63], [], [], [], [], []]",[],2
681,"('F', 'D', 'B', 'C', 'E', 'A')",[],[],[],[],[],"[[2, 3, 6, 3, 6, 3, 6, 3, 6, 3, 6, 3, 6, 3, 6, 3, 6, 3, 63], [], [], [], [], []]",2
682,"('F', 'D', 'B', 'E', 'A', 'C')",[],[],[],[],"[[2, 3, 6, 3, 6, 3, 6, 3, 6, 3, 6, 3, 6, 3, 6, 3, 6, 3, 63], [], [], [], [], []]",[],2
683,"('F', 'D', 'B', 'E', 'C', 'A')",[],[],[],[],[],"[[2, 3, 6, 3, 6, 3, 6, 3, 6, 3, 6, 3, 6, 3, 6, 3, 6, 3, 63], [], [], [], [], []]",2
684,"('F', 'D', 'C', 'A', 'B', 'E')",[],[],[],"[[2, 3, 6, 3, 6, 3, 6, 3, 6, 3, 6, 3, 6, 3, 6, 3, 6, 3, 63], [], [], [], [], []]",[],[],2
685,"('F', 'D', 'C', 'A', 'E', 'B')",[],[],[],"[[2, 3, 6, 3, 6, 3, 6, 3, 6, 3, 6, 3, 6, 3, 6, 3, 6, 3, 63], [], [], [], [], []]",[],[],2
686,"('F', 'D', 'C', 'B', 'A', 'E')",[],[],[],[],"[[2, 3, 6, 3, 6, 3, 6, 3, 6, 3, 6, 3, 6, 3, 6, 3, 6, 3, 63], [], [], [], [], []]",[],2
687,"('F', 'D', 'C', 'B', 'E', 'A')",[],[],[],[],[],"[[2, 3, 6, 3, 6, 3, 6, 3, 6, 3, 6, 3, 6, 3, 6, 3, 6, 3, 63], [], [], [], [], []]",2
688,"('F', 'D', 'C', 'E', 'A', 'B')",[],[],[],[],"[[2, 3, 6, 3, 6, 3, 6, 3, 6, 3, 6, 3, 6, 3, 6, 3, 6, 3, 63], [], [], [], [], []]",[],2
689,"('F', 'D', 'C', 'E', 'B', 'A')",[],[],[],[],[],"[[2, 3, 6, 3, 6, 3, 6, 3, 6, 3, 6, 3, 6, 3, 6, 3, 6, 3, 63], [], [], [], [], []]",2
690,"('F', 'D', 'E', 'A', 'B', 'C')",[],[],[],"[[2, 3, 6, 3, 6, 3, 6, 3, 6, 3, 6, 3, 6, 3, 6, 3, 6, 3, 63], [], [], [], [], []]",[],[],2
691,"('F', 'D', 'E', 'A', 'C', 'B')",[],[],[],"[[2, 3, 6, 3, 6, 3, 6, 3, 6, 3, 6, 3, 6, 3, 6, 3, 6, 3, 63], [], [], [], [], []]",[],[],2
692,"('F', 'D', 'E', 'B', 'A', 'C')",[],[],[],[],"[[2, 3, 6, 3, 6, 3, 6, 3, 6, 3, 6, 3, 6, 3, 6, 3, 6, 3, 63], [], [], [], [], []]",[],2
693,"('F', 'D', 'E', 'B', 'C', 'A')",[],[],[],[],[],"[[2, 3, 6, 3, 6, 3, 6, 3, 6, 3, 6, 3, 6, 3, 6, 3, 6, 3, 63], [], [], [], [], []]",2
694,"('F', 'D', 'E', 'C', 'A', 'B')",[],[],[],[],"[[2, 3, 6, 3, 6, 3, 6, 3, 6, 3, 6, 3, 6, 3, 6, 3, 6, 3, 63], [], [], [], [], []]",[],2
695,"('F', 'D', 'E', 'C', 'B', 'A')",[],[],[],[],[],"[[2, 3, 6, 3, 6, 3, 6, 3, 6, 3, 6, 3, 6, 3, 6, 3, 6, 3, 63], [], [], [], [], []]",2
696,"('F', 'E', 'A', 'B', 'C', 'D')",[],[],"[[2, 3, 6, 3, 6, 3, 6, 3, 6, 3, 6, 3, 6, 3, 6, 3, 6, 3, 63], [], [], [], [], []]",[],[],[],2
697,"('F', 'E', 'A', 'B', 'D', 'C')",[],[],"[[2, 3, 6, 3, 6, 3, 6, 3, 6, 3, 6, 3, 6, 3, 6, 3, 6, 3, 63], [], [], [], [], []]",[],[],[],2
698,"('F', 'E', 'A', 'C', 'B', 'D')",[],[],"[[2, 3, 6, 3, 6, 3, 6, 3, 6, 3, 6, 3, 6, 3, 6, 3, 6, 3, 63], [], [], [], [], []]",[],[],[],2
699,"('F', 'E', 'A', 'C', 'D', 'B')",[],[],"[[2, 3, 6, 3, 6, 3, 6, 3, 6, 3, 6, 3, 6, 3, 6, 3, 6, 3, 63], [], [], [], [], []]",[],[],[],2
700,"('F', 'E', 'A', 'D', 'B', 'C')",[],[],"[[2, 3, 6, 3, 6, 3, 6, 3, 6, 3, 6, 3, 6, 3, 6, 3, 6, 3, 63], [], [], [], [], []]",[],[],[],2
701,"('F', 'E', 'A', 'D', 'C', 'B')",[],[],"[[2, 3, 6, 3, 6, 3, 6, 3, 6, 3, 6, 3, 6, 3, 6, 3, 6, 3, 63], [], [], [], [], []]",[],[],[],2
702,"('F', 'E', 'B', 'A', 'C', 'D')",[],[],[],"[[2, 3, 6, 3, 6, 3, 6, 3, 6, 3, 6, 3, 6, 3, 6, 3, 6, 3, 63], [], [], [], [], []]",[],[],2
703,"('F', 'E', 'B', 'A', 'D', 'C')",[],[],[],"[[2, 3, 6, 3, 6, 3, 6, 3, 6, 3, 6, 3, 6, 3, 6, 3, 6, 3, 63], [], [], [], [], []]",[],[],2
704,"('F', 'E', 'B', 'C', 'A', 'D')",[],[],[],[],"[[2, 3, 6, 3, 6, 3, 6, 3, 6, 3, 6, 3, 6, 3, 6, 3, 6, 3, 63], [], [], [], [], []]",[],2
705,"('F', 'E', 'B', 'C', 'D', 'A')",[],[],[],[],[],"[[2, 3, 6, 3, 6, 3, 6, 3, 6, 3, 6, 3, 6, 3, 6, 3, 6, 3, 63], [], [], [], [], []]",2
706,"('F', 'E', 'B', 'D', 'A', 'C')",[],[],[],[],"[[2, 3, 6, 3, 6, 3, 6, 3, 6, 3, 6, 3, 6, 3, 6, 3, 6, 3, 63], [], [], [], [], []]",[],2
707,"('F', 'E', 'B', 'D', 'C', 'A')",[],[],[],[],[],"[[2, 3, 6, 3, 6, 3, 6, 3, 6, 3, 6, 3, 6, 3, 6, 3, 6, 3, 63], [], [], [], [], []]",2
708,"('F', 'E', 'C', 'A', 'B', 'D')",[],[],[],"[[2, 3, 6, 3, 6, 3, 6, 3, 6, 3, 6, 3, 6, 3, 6, 3, 6, 3, 63], [], [], [], [], []]",[],[],2
709,"('F', 'E', 'C', 'A', 'D', 'B')",[],[],[],"[[2, 3, 6, 3, 6, 3, 6, 3, 6, 3, 6, 3, 6, 3, 6, 3, 6, 3, 63], [], [], [], [], []]",[],[],2
710,"('F', 'E', 'C', 'B', 'A', 'D')",[],[],[],[],"[[2, 3, 6, 3, 6, 3, 6, 3, 6, 3, 6, 3, 6, 3, 6, 3, 6, 3, 63], [], [], [], [], []]",[],2
711,"('F', 'E', 'C', 'B', 'D', 'A')",[],[],[],[],[],"[[2, 3, 6, 3, 6, 3, 6, 3, 6, 3, 6, 3, 6, 3, 6, 3, 6, 3, 63], [], [], [], [], []]",2
712,"('F', 'E', 'C', 'D', 'A', 'B')",[],[],[],[],"[[2, 3, 6, 3, 6, 3, 6, 3, 6, 3, 6, 3, 6, 3, 6, 3, 6, 3, 63], [], [], [], [], []]",[],2
713,"('F', 'E', 'C', 'D', 'B', 'A')",[],[],[],[],[],"[[2, 3, 6, 3, 6, 3, 6, 3, 6, 3, 6, 3, 6, 3, 6, 3, 6, 3, 63], [], [], [], [], []]",2
714,"('F', 'E', 'D', 'A', 'B', 'C')",[],[],[],"[[2, 3, 6, 3, 6, 3, 6, 3, 6, 3, 6, 3, 6, 3, 6, 3, 6, 3, 63], [], [], [], [], []]",[],[],2
715,"('F', 'E', 'D', 'A', 'C', 'B')",[],[],[],"[[2, 3, 6, 3, 6, 3, 6, 3, 6, 3, 6, 3, 6, 3, 6, 3, 6, 3, 63], [], [], [], [], []]",[],[],2
716,"('F', 'E', 'D', 'B', 'A', 'C')",[],[],[],[],"[[2, 3, 6, 3, 6, 3, 6, 3, 6, 3, 6, 3, 6, 3, 6, 3, 6, 3, 63], [], [], [], [], []]",[],2
717,"('F', 'E', 'D', 'B', 'C', 'A')",[],[],[],[],[],"[[2, 3, 6, 3, 6, 3, 6, 3, 6, 3, 6, 3, 6, 3, 6, 3, 6, 3, 63], [], [], [], [], []]",2
718,"('F', 'E', 'D', 'C', 'A', 'B')",[],[],[],[],"[[2, 3, 6, 3, 6, 3, 6, 3, 6, 3, 6, 3, 6, 3, 6, 3, 6, 3, 63], [], [], [], [], []]",[],2
719,"('F', 'E', 'D', 'C', 'B', 'A')",[],[],[],[],[],"[[2, 3, 6, 3, 6, 3, 6, 3, 6, 3, 6, 3, 6, 3, 6, 3, 6, 3, 63], [], [], [], [], []]",2
